Data;CAlg;Subp;Num.Trcs;Num.Act;Num.Evt;DAlg;Fitn;Prec;Gen;Size;NumTrans;ACD;CFC;CNC;Density;Time.HierAct;Time.Hierlog;Time.Dalg;Time.quality;t/o fit;t/o gen;
BPIC15_1;DK;root;1199;35;9499;SM;0.7838393019070529;0.5833257978209656;0.6409145447934788;174;35;5.62962962962963;144;2.1206896551724137;0.012258321706198923;149;4654;1888;196946;false;
BPIC15_1;DK;root;1199;35;9499;IMf;0.896227015560149;0.5299777603685223;0.6843438536710525;130;30;3.203125;91;1.2923076923076924;0.01001788908765653;149;4654;936;89520;false;
BPIC15_1;DK;root;1199;35;9499;IM;1.0;0.17801284360330719;0.29556005607262764;163;35;3.3012048192771086;116;1.3251533742331287;0.0081799591002045;149;4654;548;294486;false;
BPIC15_1;DK;01_HOOFD;1199;18;12490;SM;0.7845100599520948;0.928305241235055;0.8548504124955382;51;18;3.2777777777777777;29;1.2156862745098038;0.02431372549019608;149;4654;161;4574;false;
BPIC15_1;DK;01_HOOFD;1199;18;12490;IMf;0.9316020626575587;0.4042462938360272;0.724333299430668;70;18;3.7;27;1.2285714285714286;0.01780538302277433;149;4654;255;7424;false;
BPIC15_1;DK;01_HOOFD;1199;18;12490;IM;1.0;0.2142841420372465;0.38962733186015946;80;18;3.3846153846153846;56;1.325;0.016772151898734176;149;4654;287;80128;false;
BPIC15_1;DK;11_AH;658;30;1045;SM;0.31777226845352985;0.5907233431137371;0.6033361669852199;116;30;3.6964285714285716;71;1.4051724137931034;0.012218890554722639;149;4654;158;8716;false;
BPIC15_1;DK;11_AH;658;30;1045;IMf;0.9889346764493726;0.3528682611476459;0.5791466137426107;111;30;4.172413793103448;41;1.2792792792792793;0.01162981162981163;149;4654;79;198328;false;
BPIC15_1;DK;11_AH;658;30;1045;IM;1.0;0.29507115410587403;0.3278531508062829;137;30;3.5555555555555554;73;1.2992700729927007;0.009553456419063976;149;4654;45;142613;false;
BPIC15_1;DK;08_AWB45;703;37;3327;SM;0.9543884214648463;0.6197320398097517;NaN;148;37;4.744186046511628;101;1.3986486486486487;0.009514616657473801;149;4654;568;230676;false;
BPIC15_1;DK;08_AWB45;703;37;3327;IMf;0.9661831293072336;0.3551464302511458;0.5846700504939227;75;33;4.8;58;1.4666666666666666;0.01981981981981982;149;4654;137;146294;false;
BPIC15_1;DK;root;1199;35;9499;SM;0.7756038512504797;0.6196668609619048;NaN;173;35;5.570093457943925;143;2.098265895953757;0.012199220325312543;338;8184;3386;89248;false;
BPIC15_1;DK;root;1199;35;9499;SM;0.783325306445671;0.5935967087193751;NaN;175;35;5.614678899082569;145;2.12;0.01218390804597701;92;4910;1893;123419;false;false;
BPIC15_1;DK;root;1199;35;9499;SM;0.7756038512504797;0.6280282988604486;NaN;173;35;5.570093457943925;143;2.098265895953757;0.012199220325312543;151;5307;2615;70275;false;true;
BPIC15_1;DK;root;1199;35;9499;IMf;0.896227015560149;0.5574126992812992;0.6560966601972205;125;30;3.25;87;1.296;0.010451612903225806;151;5307;867;364483;false;false;
BPIC15_1;DK;root;1199;35;9499;IM;1.0;0.13953491276846505;0.30124542564522455;142;35;3.6417910447761193;100;1.380281690140845;0.009789231844970532;151;5307;719;500139;false;false;
BPIC15_1;DK;01_HOOFD;1199;18;12490;SM;0.7845100599520948;0.928305241235055;0.8555574872663613;51;18;3.2777777777777777;29;1.2156862745098038;0.02431372549019608;151;5307;202;10190;false;false;
BPIC15_1;DK;01_HOOFD;1199;18;12490;IMf;0.9316020626575587;0.4042462938360272;0.6335850893478324;70;18;3.7;27;1.2285714285714286;0.01780538302277433;151;5307;649;32367;false;false;
BPIC15_1;DK;01_HOOFD;1199;18;12490;IM;1.0;0.21923418796761446;0.3856196626739772;82;18;3.3846153846153846;56;1.3170731707317074;0.016260162601626018;151;5307;409;84319;false;false;
BPIC15_1;DK;11_AH;658;30;1045;SM;0.31777226845352985;0.5907233431137371;0.6169525456807479;116;30;3.6964285714285716;71;1.4051724137931034;0.012218890554722639;151;5307;263;6615;false;false;
BPIC15_1;DK;11_AH;658;30;1045;IMf;0.9896523394010783;0.3293769562023027;0.5433636413423469;111;30;4.1;42;1.2792792792792793;0.01162981162981163;151;5307;87;261771;false;false;
BPIC15_1;DK;11_AH;658;30;1045;IM;1.0;0.18687152031727713;0.2947340789185675;146;30;3.4827586206896552;78;1.2876712328767124;0.008880491261218705;151;5307;49;65447;false;false;
BPIC15_1;DK;08_AWB45;703;37;3327;SM;0.9546165008900842;0.6216712289888103;0.7291888660337201;147;37;4.857142857142857;101;1.4081632653061225;0.009644953871959744;151;5307;609;81433;false;false;
BPIC15_1;DK;08_AWB45;703;37;3327;IMf;0.9661831293072336;0.35159731961195373;0.542374429357671;75;33;4.8;58;1.4666666666666666;0.01981981981981982;151;5307;142;449774;false;false;
BPIC15_1;DK;08_AWB45;703;37;3327;IM;1.0;0.1318298980677804;0.23828990374370543;184;37;3.3157894736842106;133;1.3369565217391304;0.007305773342836779;151;5307;256;2796146;false;true;
BPIC15_1;DK;06_VD;397;25;1630;SM;0.9004566025630327;0.7849873191987157;0.8145411888227619;70;25;3.6363636363636362;38;1.2571428571428571;0.018219461697722567;151;5307;632;5858;false;true;
BPIC15_1;DK;06_VD;397;25;1630;IMf;0.9626753126078708;0.35106140607419956;0.5987626222130245;46;25;6.444444444444445;29;1.434782608695652;0.03188405797101449;151;5307;64;6519;false;false;
BPIC15_1;DK;06_VD;397;25;1630;IM;1.0;0.23432854866575936;0.3537472522529687;103;25;3.3958333333333335;68;1.3203883495145632;0.012944983818770227;151;5307;60;248511;false;false;
BPIC15_1;DK;12_AP;22;17;54;SM;0.8597768652915712;0.6963770728190339;0.8458647792935482;61;17;4.035714285714286;38;1.459016393442623;0.024316939890710383;151;5307;56;746;false;false;
BPIC15_1;DK;12_AP;22;17;54;IMf;0.9903030303030304;0.7411119925001803;0.8277508216407062;49;17;3.466666666666667;25;1.2244897959183674;0.025510204081632654;151;5307;3;469;false;false;
BPIC15_1;DK;12_AP;22;17;54;IM;1.0;0.5298778461027089;0.7029639500865302;60;17;3.3333333333333335;31;1.2333333333333334;0.020903954802259886;151;5307;9;530;false;false;
BPIC15_1;DK;10_UOV;83;35;878;SM;0.7648765523387182;0.69100007427994;0.6988334462693679;124;35;4.0344827586206895;82;1.4758064516129032;0.011998426435877263;151;5307;154;10948;false;true;
BPIC15_1;DK;10_UOV;83;35;878;IMf;0.8890025350222182;0.27336590318312465;0.46356589256999453;113;34;4.0;60;1.3097345132743363;0.011694058154235146;151;5307;36;127877;false;false;
BPIC15_1;DK;10_UOV;83;35;878;IM;1.0;0.12289690530344702;0.24976302561603095;149;35;3.5072463768115942;103;1.342281879194631;0.009069472156720479;151;5307;58;138520;false;false;
BPIC15_1;DK;01_BB;168;25;502;SM;-1.0;NaN;0.8632094497663331;148;25;5.5;116;1.9662162162162162;0.013375620518477661;151;5307;146;2198;false;true;
BPIC15_1;DK;01_BB;168;25;502;IMf;0.9844850701775724;0.26301068317936577;0.5311239224686947;98;24;3.4130434782608696;67;1.3265306122448979;0.01367557332211235;151;5307;35;23059;false;false;
BPIC15_1;DK;01_BB;168;25;502;IM;1.0;0.16346086847282693;0.39812541741234253;107;25;3.462962962962963;78;1.3644859813084111;0.012872509257626522;151;5307;33;33194;false;false;
BPIC15_1;DK;02_DRZ;789;12;832;SM;0.997853184468345;0.9931404762072249;0.9930478942625226;34;12;3.6;18;1.2352941176470589;0.0374331550802139;151;5307;21;494;false;false;
BPIC15_1;DK;02_DRZ;789;12;832;IMf;0.9979283411988426;0.8583652644533225;0.9292738826052102;49;12;3.1;27;1.2244897959183674;0.025510204081632654;151;5307;17;662;false;false;
BPIC15_1;DK;02_DRZ;789;12;832;IM;1.0;0.538604906779225;0.6671691185327644;55;12;3.2857142857142856;30;1.2363636363636363;0.022895622895622896;151;5307;27;1022;false;false;
BPIC15_1;DK;07_OPS;134;14;172;SM;1.0;0.8369818437742176;0.9270248625778997;76;14;3.5384615384615383;45;1.263157894736842;0.016842105263157894;151;5307;48;864;false;false;
BPIC15_1;DK;07_OPS;134;14;172;IMf;0.9950265095483029;0.790227330454661;0.8293160709029737;65;14;3.0714285714285716;37;1.2307692307692308;0.019230769230769232;151;5307;24;785;false;false;
BPIC15_1;DK;07_OPS;134;14;172;IM;1.0;0.5255788898882637;0.7401957179938954;77;14;3.1470588235294117;44;1.2467532467532467;0.016404647983595352;151;5307;11;978;false;false;
BPIC15_1;DK;05_EIND;488;13;865;SM;0.9765517413720727;0.8134973596072234;0.851327540131118;41;13;4.0;26;1.3170731707317074;0.032926829268292684;151;5307;44;1672;false;false;
BPIC15_1;DK;05_EIND;488;13;865;IMf;0.9633739795296286;0.6453455369311685;0.8652052377235883;45;13;3.588235294117647;28;1.288888888888889;0.029292929292929294;151;5307;18;1671;false;false;
BPIC15_1;DK;05_EIND;488;13;865;IM;1.0;0.34489187528602283;0.5344600312523545;65;13;3.176470588235294;47;1.2923076923076924;0.020192307692307693;151;5307;22;2593;false;false;
BPIC15_1;DK;14_VRIJ;149;20;169;SM;1.0;0.9359049029106836;0.9653592987802474;42;20;3.6;9;1.0952380952380953;0.026713124274099883;151;5307;79;581;false;false;
BPIC15_1;DK;14_VRIJ;149;20;169;IMf;1.0;0.8351041924058973;0.9444495641112421;42;20;3.6;9;1.0952380952380953;0.026713124274099883;151;5307;3;292;false;false;
BPIC15_1;DK;14_VRIJ;149;20;169;IM;1.0;0.8351041924058973;0.9444515989057977;42;20;3.6;9;1.0952380952380953;0.026713124274099883;151;5307;6;339;false;false;
BPIC15_1;DK;15_NGV;50;1;50;SM;1.0;1.0;1.0;3;1;NaN;0;0.6666666666666666;0.3333333333333333;151;5307;2;229;false;false;
BPIC15_1;DK;15_NGV;50;1;50;IMf;1.0;1.0;1.0;3;1;NaN;0;0.6666666666666666;0.3333333333333333;151;5307;0;195;false;false;
BPIC15_1;DK;15_NGV;50;1;50;IM;1.0;1.0;1.0;3;1;NaN;0;0.6666666666666666;0.3333333333333333;151;5307;0;219;false;false;
BPIC15_1;DK;09_AH;929;4;957;SM;1.0;0.9977171294977663;0.9986142559852866;12;4;3.25;6;1.1666666666666667;0.10606060606060606;151;5307;14;353;false;false;
BPIC15_1;DK;09_AH;929;4;957;IMf;0.9982059562253319;1.0;0.9988844744963767;9;4;3.0;4;1.1111111111111112;0.1388888888888889;151;5307;7;340;false;false;
BPIC15_1;DK;09_AH;929;4;957;IM;1.0;0.997715378052155;0.9985762354617838;12;4;3.0;6;1.1666666666666667;0.10606060606060606;151;5307;4;323;false;false;
BPIC15_1;DK;03_VD;49;1;49;SM;1.0;1.0;1.0;3;1;NaN;0;0.6666666666666666;0.3333333333333333;151;5307;2;303;false;false;
BPIC15_1;DK;03_VD;49;1;49;IMf;1.0;1.0;1.0;3;1;NaN;0;0.6666666666666666;0.3333333333333333;151;5307;0;299;false;false;
BPIC15_1;DK;03_VD;49;1;49;IM;1.0;1.0;1.0;3;1;NaN;0;0.6666666666666666;0.3333333333333333;151;5307;0;239;false;false;
BPIC15_1;DK;03_GBH;169;1;169;SM;1.0;1.0;1.0;3;1;NaN;0;0.6666666666666666;0.3333333333333333;151;5307;3;340;false;false;
BPIC15_1;DK;03_GBH;169;1;169;IMf;1.0;1.0;1.0;3;1;NaN;0;0.6666666666666666;0.3333333333333333;151;5307;0;265;false;false;
BPIC15_1;DK;03_GBH;169;1;169;IM;1.0;1.0;1.0;3;1;NaN;0;0.6666666666666666;0.3333333333333333;151;5307;0;251;false;false;
BPIC15_1;DK;04_BPT;830;11;1251;SM;0.9941664410558612;0.9842317424724609;0.9879976282149633;35;11;3.1666666666666665;18;1.2;0.03529411764705882;151;5307;77;1024;false;false;
BPIC15_1;DK;04_BPT;830;11;1251;IMf;0.9790478139355033;0.9504741833508956;0.8678102378936896;30;10;3.3333333333333335;14;1.2;0.041379310344827586;151;5307;15;970;false;false;
BPIC15_1;DK;04_BPT;830;11;1251;IM;1.0;0.5313321377399016;0.629929427367552;52;11;3.3076923076923075;37;1.3076923076923077;0.02564102564102564;151;5307;17;1210;false;false;
BPIC15_2;DK;root;832;45;9045;SM;-1.0;NaN;NaN;304;45;5.785046728971962;289;2.3289473684210527;0.007686294945284002;146;5895;4892;64037;false;true;
BPIC15_2;DK;root;832;45;9045;IMf;0.8756366423777975;0.5090797331389876;0.7113059692162316;137;44;3.6923076923076925;92;1.313868613138686;0.009660798626019752;146;5895;1063;706526;false;false;
BPIC15_2;DK;root;832;45;9045;IM;1.0;0.10412735456326991;0.21913849288197762;197;45;3.494949494949495;144;1.3705583756345177;0.0069926447736454985;146;5895;673;675703;false;false;
BPIC15_2;DK;07_OPS;92;14;150;SM;0.9877532952980522;1.0;0.9825026135455185;28;14;3.3333333333333335;5;1.0714285714285714;0.03968253968253968;146;5895;55;465;false;false;
BPIC15_2;DK;07_OPS;92;14;150;IMf;0.9963768115942029;0.6542401821286283;0.8496678817104195;35;14;4.111111111111111;18;1.2571428571428571;0.03697478991596639;146;5895;5;374;false;false;
BPIC15_2;DK;07_OPS;92;14;150;IM;1.0;0.6008653326122229;0.899139172668303;36;14;4.0;20;1.2777777777777777;0.03650793650793651;146;5895;5;321;false;false;
BPIC15_2;DK;05_EIND;530;13;666;SM;0.9949518335721166;0.7281576366431639;0.7288412498275498;50;13;4.541666666666667;36;1.6;0.0326530612244898;146;5895;80;929;false;false;
BPIC15_2;DK;05_EIND;530;13;666;IMf;0.9850301699947926;0.827076356605942;0.8899645643472512;48;13;3.2;30;1.25;0.026595744680851064;146;5895;12;548;false;false;
BPIC15_2;DK;05_EIND;530;13;666;IM;1.0;0.7391770874544898;0.8363948614235808;60;13;3.16;34;1.2333333333333334;0.020903954802259886;146;5895;8;634;false;false;
BPIC15_2;DK;12_AP;21;12;37;SM;0.9954648526077098;0.8923459651035986;0.8722129014902084;28;12;3.142857142857143;10;1.1428571428571428;0.042328042328042326;146;5895;38;342;false;false;
BPIC15_2;DK;12_AP;21;12;37;IMf;1.0;0.8932354518637704;0.9299173519596927;31;12;3.111111111111111;13;1.1612903225806452;0.03870967741935484;146;5895;3;302;false;false;
BPIC15_2;DK;12_AP;21;12;37;IM;1.0;0.8932354518637704;0.9288121723568108;31;12;3.111111111111111;13;1.1612903225806452;0.03870967741935484;146;5895;2;251;false;false;
BPIC15_2;DK;02_DRZ;580;10;594;SM;1.0;0.8438336085101512;0.9556497890087082;28;10;3.2;16;1.2142857142857142;0.04497354497354497;146;5895;27;325;false;false;
BPIC15_2;DK;02_DRZ;580;10;594;IMf;0.9987480672286706;0.8231433854440406;0.9474095471652754;32;10;3.7;17;1.25;0.04032258064516129;146;5895;10;324;false;false;
BPIC15_2;DK;02_DRZ;580;10;594;IM;1.0;0.6790361583685792;0.8840471115343783;37;10;3.4615384615384617;20;1.2432432432432432;0.03453453453453453;146;5895;8;311;false;false;
BPIC15_2;DK;01_HOOFD;831;18;10020;SM;0.7535671026653205;0.8191500947000587;0.8128919711763067;55;18;3.1739130434782608;29;1.2363636363636363;0.022895622895622896;146;5895;115;6732;false;true;
BPIC15_2;DK;01_HOOFD;831;18;10020;IMf;0.9182741154226458;0.539704886820544;0.7209445609306312;56;16;3.6153846153846154;16;1.1785714285714286;0.02142857142857143;146;5895;157;12232;false;false;
BPIC15_2;DK;01_HOOFD;831;18;10020;IM;1.0;0.19963480596546082;0.3772694115646596;80;18;3.55;58;1.375;0.01740506329113924;146;5895;192;54126;false;false;
BPIC15_2;DK;06_VD;280;27;945;SM;0.9454301668486512;0.7957210804552382;0.5604136474982434;104;27;4.125;64;1.3269230769230769;0.012882748319641523;146;5895;159;10233;false;true;
BPIC15_2;DK;06_VD;280;27;945;IMf;0.9651918492805023;0.4134711337703305;0.6271081587136627;63;26;4.2105263157894735;38;1.3333333333333333;0.021505376344086023;146;5895;66;5990;false;false;
BPIC15_2;DK;06_VD;280;27;945;IM;1.0;0.20553000596396276;0.39806361835542;123;27;3.274193548387097;86;1.3170731707317074;0.010795681727309077;146;5895;77;298325;false;false;
BPIC15_2;DK;10_UOV;136;39;1454;SM;0.3363236826344377;0.6263406426187295;0.5527562108545385;178;39;4.489130434782608;135;1.6404494382022472;0.009268075922046594;146;5895;350;34413;false;true;
BPIC15_2;DK;10_UOV;136;39;1454;IMf;0.9290177135639015;0.2744374265305606;0.34464606060577313;95;25;3.5277777777777777;54;1.2842105263157895;0.01366181410974244;146;5895;62;227775;false;false;
BPIC15_2;DK;10_UOV;136;39;1454;IM;1.0;0.09319576744487112;0.18576573534605667;146;39;3.857142857142857;100;1.3972602739726028;0.009636277751535192;146;5895;81;717890;false;false;
BPIC15_2;DK;08_AWB45;521;44;2116;SM;0.946426096389782;0.6447934250898397;NaN;178;44;4.372881355932203;123;1.3932584269662922;0.007871516536532725;146;5895;348;28009;false;true;
BPIC15_2;DK;08_AWB45;521;44;2116;IMf;0.9531167462432141;0.48066827993067335;0.5032488399172307;176;42;3.4;114;1.2954545454545454;0.007402597402597403;146;5895;94;693885;false;false;
BPIC15_2;DK;08_AWB45;521;44;2116;IM;0.0;0.0;0.0;254;44;3.330578512396694;171;1.31496062992126;0.0051974728455385765;146;5895;105;600040;true;false;
BPIC15_2;DK;01_OLO;12;6;55;SM;0.9399437771530794;0.989247311827957;0.9415508283628197;15;6;2.75;5;1.0666666666666667;0.0761904761904762;146;5895;12;280;false;false;
BPIC15_2;DK;01_OLO;12;6;55;IMf;0.9458961581054603;1.0;0.9573829708068101;15;6;2.75;5;1.0666666666666667;0.0761904761904762;146;5895;1;305;false;false;
BPIC15_2;DK;01_OLO;12;6;55;IM;1.0;0.8498276022737862;0.9208068545691463;22;6;3.2857142857142856;11;1.1818181818181819;0.05627705627705628;146;5895;107;305;false;false;
BPIC15_2;DK;04_BPT;622;11;1525;SM;0.9722876136217748;0.8128040540587111;0.9311542155036765;33;11;3.076923076923077;18;1.2121212121212122;0.03787878787878788;146;5895;45;1018;false;false;
BPIC15_2;DK;04_BPT;622;11;1525;IMf;0.9878740011194946;0.7813453136945284;0.8827864620243345;43;11;3.2777777777777777;26;1.255813953488372;0.029900332225913623;146;5895;24;1055;false;false;
BPIC15_2;DK;04_BPT;622;11;1525;IM;1.0;0.38127644404427263;0.5265181413868765;56;11;3.3076923076923075;36;1.2857142857142858;0.023376623376623377;146;5895;29;1477;false;false;
BPIC15_2;DK;01_BB;629;32;1905;SM;0.6533644504232734;0.4290936475309107;0.45481195651036704;148;32;5.755813953488372;117;2.0878378378378377;0.014202978488692775;146;5895;311;16841;false;false;
BPIC15_2;DK;01_BB;629;32;1905;IMf;0.9149557920536001;0.843392288173155;0.7085240087219228;115;30;3.234042553191489;67;1.2521739130434784;0.010983981693363844;146;5895;58;16927;false;false;
BPIC15_2;DK;01_BB;629;32;1905;IM;1.0;0.22251317172719176;0.3312639425138377;129;32;3.3859649122807016;83;1.302325581395349;0.010174418604651164;146;5895;68;43645;false;false;
BPIC15_2;DK;11_AH;505;29;687;SM;0.635139746275389;0.707533706652113;0.8698465122191577;119;29;5.296875;90;1.8823529411764706;0.015952143569292122;146;5895;154;13825;false;false;
BPIC15_2;DK;11_AH;505;29;687;IMf;0.9959973349745375;0.3117355457712277;0.6189840187768308;116;29;3.840909090909091;64;1.3448275862068966;0.011694152923538231;146;5895;47;158689;false;false;
BPIC15_2;DK;11_AH;505;29;687;IM;1.0;0.3499069946347806;0.6660518194653015;140;29;3.5161290322580645;86;1.3285714285714285;0.009558067831449127;146;5895;29;80409;false;false;
BPIC15_2;DK;14_VRIJ;92;16;115;SM;0.9792867021939053;0.7011449978894049;0.8589654341571099;43;16;3.888888888888889;24;1.3953488372093024;0.03322259136212625;146;5895;35;541;false;false;
BPIC15_2;DK;14_VRIJ;92;16;115;IMf;0.9889586433226928;0.6672897196261682;0.8413821175895695;50;16;4.153846153846154;21;1.28;0.026122448979591838;146;5895;155;418;false;false;
BPIC15_2;DK;14_VRIJ;92;16;115;IM;1.0;0.6405722608636277;0.8228217195570945;58;16;3.7777777777777777;27;1.2758620689655173;0.02238354506957048;146;5895;7;406;false;false;
BPIC15_2;DK;13_CRD;292;3;294;SM;1.0;1.0;0.9990812201396545;8;3;2.5;2;1.0;0.14285714285714285;146;5895;7;350;false;false;
BPIC15_2;DK;13_CRD;292;3;294;IMf;1.0;1.0;0.9988146040777619;8;3;2.5;2;1.0;0.14285714285714285;146;5895;1;294;false;false;
BPIC15_2;DK;13_CRD;292;3;294;IM;1.0;1.0;0.9989191526156507;8;3;2.5;2;1.0;0.14285714285714285;146;5895;2;257;false;false;
BPIC15_2;DK;09_AH;698;1;709;SM;1.0;0.9996460176991151;0.999822977518145;8;1;3.0;3;1.0;0.14285714285714285;146;5895;3;379;false;false;
BPIC15_2;DK;09_AH;698;1;709;IMf;0.9953010639004233;1.0;0.9976489343863223;3;1;NaN;0;0.6666666666666666;0.3333333333333333;146;5895;0;281;false;false;
BPIC15_2;DK;09_AH;698;1;709;IM;1.0;0.9995286322313792;0.9997642605557017;6;1;3.0;2;1.0;0.2;146;5895;0;331;false;false;
BPIC15_1;DK;99_NOCODE;1;1;1;SM;1.0;1.0;NaN;3;1;NaN;0;0.6666666666666666;0.3333333333333333;157;5094;1086;548;false;false;
BPIC15_1;DK;99_NOCODE;1;1;1;IMf;1.0;1.0;NaN;3;1;NaN;0;0.6666666666666666;0.3333333333333333;157;5094;239;32;false;false;
BPIC15_1;DK;99_NOCODE;1;1;1;IM;1.0;1.0;NaN;3;1;NaN;0;0.6666666666666666;0.3333333333333333;157;5094;2;39;false;false;
BPIC15_1;DK;13_CRD;375;3;386;SM;1.0;1.0;0.998204868594219;9;3;3.0;4;1.1111111111111112;0.1388888888888889;157;5094;89;564;false;false;
BPIC15_1;DK;13_CRD;375;3;386;IMf;1.0;0.9013333333333333;0.9481065918653576;9;3;3.0;4;1.1111111111111112;0.1388888888888889;157;5094;141;421;false;false;
BPIC15_1;DK;13_CRD;375;3;386;IM;1.0;0.9013333333333333;0.9643506537971369;9;3;3.0;4;1.1111111111111112;0.1388888888888889;157;5094;13;404;false;false;
BPIC15_1;DK;16_LGSV;2;1;2;SM;1.0;1.0;1.0;3;1;NaN;0;0.6666666666666666;0.3333333333333333;157;5094;6;219;false;false;
BPIC15_1;DK;16_LGSV;2;1;2;IMf;1.0;1.0;1.0;3;1;NaN;0;0.6666666666666666;0.3333333333333333;157;5094;0;201;false;false;
BPIC15_1;DK;16_LGSV;2;1;2;IM;1.0;1.0;1.0;3;1;NaN;0;0.6666666666666666;0.3333333333333333;157;5094;0;229;false;false;
BPIC15_1;DK;09_AWB45;141;1;154;SM;1.0;0.978441127694859;0.989103101424979;8;1;3.0;3;1.0;0.14285714285714285;157;5094;10;395;false;false;
BPIC15_1;DK;09_AWB45;141;1;154;IMf;0.9615839243498817;1.0;0.9801574123938651;3;1;NaN;0;0.6666666666666666;0.3333333333333333;157;5094;1;417;false;false;
BPIC15_1;DK;09_AWB45;141;1;154;IM;1.0;0.9714541212314041;0.9855203940780698;6;1;3.0;2;1.0;0.2;157;5094;8;352;false;false;
BPIC15_1;DK;01_HOOFD_0;1199;17;10723;SM;0.7376769572987283;0.748145142441673;0.7838348829719103;52;17;3.409090909090909;31;1.2884615384615385;0.02526395173453997;157;5094;452;10170;false;false;
BPIC15_1;DK;01_HOOFD_0;1199;17;10723;IMf;0.9608296939461299;0.5576942889692919;0.699065743237331;66;17;3.391304347826087;30;1.2424242424242424;0.019114219114219115;157;5094;701;14374;false;false;
BPIC15_1;DK;01_HOOFD_0;1199;17;10723;IM;1.0;0.3360302308697031;0.48620909569729015;65;17;3.6296296296296298;43;1.323076923076923;0.020673076923076922;157;5094;382;42960;false;false;
BPIC15_1;DK;01_HOOFD_6;1;2;2;SM;1.0;1.0;NaN;5;2;NaN;0;0.8;0.2;157;5094;6;44;false;false;
BPIC15_1;DK;01_HOOFD_6;1;2;2;IMf;1.0;1.0;NaN;5;2;NaN;0;0.8;0.2;157;5094;0;31;false;false;
BPIC15_1;DK;01_HOOFD_6;1;2;2;IM;1.0;1.0;NaN;5;2;NaN;0;0.8;0.2;157;5094;0;32;false;false;
BPIC15_1;DK;01_HOOFD_1;1130;26;6661;SM;0.8937019802994585;0.7566119497062088;0.8253922541625629;96;26;4.266666666666667;64;1.3541666666666667;0.01425438596491228;157;5094;245;13667;false;false;
BPIC15_1;DK;01_HOOFD_1;1130;26;6661;IMf;0.8508427617893207;0.7618027520588138;0.7447001140563159;66;20;3.6923076923076925;44;1.3333333333333333;0.020512820512820513;157;5094;116;9399;false;false;
BPIC15_1;DK;01_HOOFD_1;1130;26;6661;IM;1.0;0.2368692680770726;0.4092105574875636;120;26;3.4727272727272727;87;1.3333333333333333;0.011204481792717087;157;5094;192;2538586;false;true;
BPIC15_1;DK;01_HOOFD_4;925;44;8534;SM;-1.0;NaN;0.22445326492333867;236;44;4.379032258064516;177;1.6228813559322033;0.006905878110349802;157;5094;1045;144763;false;true;
BPIC15_1;DK;01_HOOFD_4;925;44;8534;IMf;0.9851009831930541;0.3346857742974227;0.4840240758526781;136;35;3.6315789473684212;87;1.338235294117647;0.00991285403050109;157;5094;512;425379;false;false;
BPIC15_1;DK;01_HOOFD_4;925;44;8534;IM;0.0;0.0;0.0;237;44;3.435185185185185;165;1.3248945147679325;0.005613959808338697;157;5094;591;600052;true;false;
BPIC15_1;DK;01_HOOFD_5;922;23;6103;SM;0.7289071479077948;0.5848514868907756;0.38725417905594556;108;23;5.413043478260869;82;1.7222222222222223;0.016095534787123573;157;5094;533;178252;false;true;
BPIC15_1;DK;01_HOOFD_5;922;23;6103;IMf;0.9907833426195828;0.32769627023801495;0.5772763322687042;63;23;4.083333333333333;45;1.3968253968253967;0.022529441884280594;157;5094;266;29117;false;false;
BPIC15_1;DK;01_HOOFD_5;922;23;6103;IM;1.0;0.25113778894768823;0.4176436339858875;78;23;3.8181818181818183;58;1.3846153846153846;0.017982017982017984;157;5094;241;114949;false;false;
BPIC15_1;DK;01_HOOFD_2;951;13;3262;SM;0.9295048025186281;0.9555957762087447;0.941466026089417;35;13;3.8;19;1.2571428571428571;0.03697478991596639;157;5094;54;1746;false;false;
BPIC15_1;DK;01_HOOFD_2;951;13;3262;IMf;0.9751885822024836;0.3913664627457484;0.7760862145343017;52;13;3.4347826086956523;34;1.3076923076923077;0.02564102564102564;157;5094;148;2538;false;false;
BPIC15_1;DK;01_HOOFD_2;951;13;3262;IM;1.0;0.29633118111646006;0.48304112175476005;92;13;3.1136363636363638;63;1.2608695652173914;0.01385570950788342;157;5094;191;33142;false;false;
BPIC15_1;DK;01_HOOFD_3;931;10;3563;SM;0.6978621174299442;0.6918591710273048;0.8160797554600121;45;10;4.041666666666667;36;1.5333333333333334;0.03484848484848485;157;5094;97;1487;false;false;
BPIC15_1;DK;01_HOOFD_3;931;10;3563;IMf;0.9698993957783796;0.9133213731353674;0.9318099948854665;36;10;3.230769230769231;18;1.2222222222222223;0.03492063492063492;157;5094;67;1395;false;false;
BPIC15_1;DK;01_HOOFD_3;931;10;3563;IM;1.0;0.3108454696015587;0.4397461629912658;64;10;3.193548387096774;44;1.28125;0.020337301587301588;157;5094;145;11810;false;false;
BPIC15_1;DK;01_HOOFD_7;51;1;64;SM;1.0;0.9465020576131687;0.9725158562367865;8;1;3.0;3;1.0;0.14285714285714285;157;5094;2;406;false;false;
BPIC15_1;DK;01_HOOFD_7;51;1;64;IMf;0.8937908496732025;1.0;0.9470013876793537;3;1;NaN;0;0.6666666666666666;0.3333333333333333;157;5094;0;376;false;false;
BPIC15_1;DK;01_HOOFD_7;51;1;64;IM;1.0;0.9298329841713222;0.9636408868517666;6;1;3.0;2;1.0;0.2;157;5094;0;439;false;false;
BPIC15_1;DK;01_HOOFD_8;211;10;812;SM;0.7254967943914138;0.9762871654122685;0.7392749854809053;28;10;3.6;17;1.2857142857142858;0.047619047619047616;157;5094;181;2277;false;false;
BPIC15_1;DK;01_HOOFD_8;211;10;812;IMf;0.9243491089741439;0.46777852641368745;0.6507497871000795;40;10;3.473684210526316;27;1.35;0.03461538461538462;157;5094;15;3809;false;false;
BPIC15_1;DK;01_HOOFD_8;211;10;812;IM;1.0;0.3447867298578199;0.5550838644859104;42;10;3.4545454545454546;31;1.380952380952381;0.03368176538908246;157;5094;24;5751;false;false;
BPIC15_2;DK;02_OLO;1;1;1;SM;1.0;1.0;NaN;3;1;NaN;0;0.6666666666666666;0.3333333333333333;103;4194;1173;663;false;false;
BPIC15_2;DK;02_OLO;1;1;1;IMf;1.0;1.0;NaN;3;1;NaN;0;0.6666666666666666;0.3333333333333333;103;4194;1698;36;false;false;
BPIC15_2;DK;02_OLO;1;1;1;IM;1.0;1.0;NaN;3;1;NaN;0;0.6666666666666666;0.3333333333333333;103;4194;2;44;false;false;
BPIC15_2;DK;99_NOCODE;20;2;35;SM;1.0;0.9929577464788732;0.976850336546276;9;2;2.5;5;1.1111111111111112;0.1388888888888889;103;4194;51;520;false;false;
BPIC15_2;DK;99_NOCODE;20;2;35;IMf;0.8028693800752624;1.0;0.8543417133194584;4;2;2.0;2;1.0;0.3333333333333333;103;4194;37;348;false;false;
BPIC15_2;DK;99_NOCODE;20;2;35;IM;1.0;0.9929577464788732;0.9705298748076646;9;2;2.5;5;1.1111111111111112;0.1388888888888889;103;4194;13;377;false;false;
BPIC15_2;DK;15_NGV;58;7;64;SM;1.0;0.8027210884353742;0.9197765832967676;17;7;2.5;5;1.0588235294117647;0.0661764705882353;103;4194;50;450;false;false;
BPIC15_2;DK;15_NGV;58;7;64;IMf;1.0;0.8027210884353742;0.9193635336057735;17;7;2.5;5;1.0588235294117647;0.0661764705882353;103;4194;78;391;false;false;
BPIC15_2;DK;15_NGV;58;7;64;IM;1.0;0.8027210884353742;0.9207862028793854;17;7;2.5;5;1.0588235294117647;0.0661764705882353;103;4194;11;325;false;false;
BPIC15_2;DK;08_OLO;5;1;5;SM;1.0;1.0;1.0;3;1;NaN;0;0.6666666666666666;0.3333333333333333;103;4194;3;319;false;false;
BPIC15_2;DK;08_OLO;5;1;5;IMf;1.0;1.0;1.0;3;1;NaN;0;0.6666666666666666;0.3333333333333333;103;4194;0;251;false;false;
BPIC15_2;DK;08_OLO;5;1;5;IM;1.0;1.0;1.0;3;1;NaN;0;0.6666666666666666;0.3333333333333333;103;4194;0;277;false;false;
BPIC15_2;DK;10_OLO;2;2;4;SM;1.0;1.0;1.0;5;2;NaN;0;0.8;0.2;103;4194;4;229;false;false;
BPIC15_2;DK;10_OLO;2;2;4;IMf;1.0;1.0;1.0;5;2;NaN;0;0.8;0.2;103;4194;1;187;false;false;
BPIC15_2;DK;10_OLO;2;2;4;IM;1.0;1.0;1.0;5;2;NaN;0;0.8;0.2;103;4194;1;202;false;false;
BPIC15_2;DK;16_LGSV;243;1;243;SM;1.0;1.0;1.0;3;1;NaN;0;0.6666666666666666;0.3333333333333333;103;4194;4;277;false;false;
BPIC15_2;DK;16_LGSV;243;1;243;IMf;1.0;1.0;1.0;3;1;NaN;0;0.6666666666666666;0.3333333333333333;103;4194;0;314;false;false;
BPIC15_2;DK;16_LGSV;243;1;243;IM;1.0;1.0;1.0;3;1;NaN;0;0.6666666666666666;0.3333333333333333;103;4194;1;295;false;false;
BPIC15_2;DK;03_VD;21;1;21;SM;1.0;1.0;1.0;3;1;NaN;0;0.6666666666666666;0.3333333333333333;103;4194;3;330;false;false;
BPIC15_2;DK;03_VD;21;1;21;IMf;1.0;1.0;1.0;3;1;NaN;0;0.6666666666666666;0.3333333333333333;103;4194;0;481;false;false;
BPIC15_2;DK;03_VD;21;1;21;IM;1.0;1.0;1.0;3;1;NaN;0;0.6666666666666666;0.3333333333333333;103;4194;0;351;false;false;
BPIC15_2;DK;03_GBH;426;1;426;SM;1.0;1.0;1.0;3;1;NaN;0;0.6666666666666666;0.3333333333333333;103;4194;10;493;false;false;
BPIC15_2;DK;03_GBH;426;1;426;IMf;1.0;1.0;1.0;3;1;NaN;0;0.6666666666666666;0.3333333333333333;103;4194;2;341;false;false;
BPIC15_2;DK;03_GBH;426;1;426;IM;1.0;1.0;1.0;3;1;NaN;0;0.6666666666666666;0.3333333333333333;103;4194;1;381;false;false;
BPIC15_2;DK;16_LGSD;182;1;182;SM;1.0;1.0;1.0;3;1;NaN;0;0.6666666666666666;0.3333333333333333;103;4194;7;315;false;false;
BPIC15_2;DK;16_LGSD;182;1;182;IMf;1.0;1.0;1.0;3;1;NaN;0;0.6666666666666666;0.3333333333333333;103;4194;0;308;false;false;
BPIC15_2;DK;16_LGSD;182;1;182;IM;1.0;1.0;1.0;3;1;NaN;0;0.6666666666666666;0.3333333333333333;103;4194;1;268;false;false;
BPIC15_2;DK;06_OLO;1;1;1;SM;1.0;1.0;NaN;3;1;NaN;0;0.6666666666666666;0.3333333333333333;103;4194;2;59;false;false;
BPIC15_2;DK;06_OLO;1;1;1;IMf;1.0;1.0;NaN;3;1;NaN;0;0.6666666666666666;0.3333333333333333;103;4194;0;35;false;false;
BPIC15_2;DK;06_OLO;1;1;1;IM;1.0;1.0;NaN;3;1;NaN;0;0.6666666666666666;0.3333333333333333;103;4194;0;58;false;false;
BPIC15_2;DK;09_AWB45;91;1;102;SM;1.0;0.9722921914357683;0.9859514687100894;8;1;3.0;3;1.0;0.14285714285714285;103;4194;7;364;false;false;
BPIC15_2;DK;09_AWB45;91;1;102;IMf;0.9496336996336997;1.0;0.9733460082226237;3;1;NaN;0;0.6666666666666666;0.3333333333333333;103;4194;1;228;false;false;
BPIC15_2;DK;09_AWB45;91;1;102;IM;1.0;0.9633820759942395;0.9813495679452928;6;1;3.0;2;1.0;0.2;103;4194;0;265;false;false;
BPIC15_2;DK;01_HOOFD_4;698;36;6970;SM;-1.0;NaN;0.6424040437671276;218;36;4.911504424778761;184;1.7522935779816513;0.00807508561281867;103;4194;892;91340;false;true;
BPIC15_2;DK;01_HOOFD_4;698;36;6970;IMf;0.9879709570061288;0.41896314347220764;0.5397164002556155;105;31;3.7045454545454546;75;1.3523809523809525;0.013003663003663004;103;4194;637;96797;false;false;
BPIC15_2;DK;01_HOOFD_4;698;36;6970;IM;0.0;0.0;0.0;236;36;3.353982300884956;164;1.3220338983050848;0.00562567616300036;103;4194;865;600037;true;false;
BPIC15_2;DK;01_HOOFD_2;711;11;2628;SM;0.9460587585136212;0.8779420878982214;0.8714084242900095;36;11;3.8181818181818183;21;1.2777777777777777;0.03650793650793651;103;4194;126;1883;false;false;
BPIC15_2;DK;01_HOOFD_2;711;11;2628;IMf;0.958470322978586;0.7519700934283169;0.8576639905014801;49;11;3.1578947368421053;25;1.2244897959183674;0.025510204081632654;103;4194;69;1505;false;false;
BPIC15_2;DK;01_HOOFD_2;711;11;2628;IM;1.0;0.44250521778606;0.6556161356841659;80;11;3.081081081081081;52;1.25;0.015822784810126583;103;4194;111;5776;false;false;
BPIC15_2;DK;01_HOOFD_5;685;23;4939;SM;0.7466765178551389;0.6094977600298325;0.683918164939718;84;23;4.636363636363637;57;1.5119047619047619;0.01821572002294894;103;4194;193;32929;false;false;
BPIC15_2;DK;01_HOOFD_5;685;23;4939;IMf;0.9360253760371114;0.3267019711120386;0.570676752775673;77;22;3.6129032258064515;47;1.3246753246753247;0.017429938482570063;103;4194;145;34593;false;false;
BPIC15_2;DK;01_HOOFD_5;685;23;4939;IM;1.0;0.2009451420481009;0.31175687359616827;70;23;4.103448275862069;53;1.4285714285714286;0.020703933747412008;103;4194;383;1669838;false;false;
BPIC15_2;DK;01_HOOFD_0;830;18;7576;SM;0.7027912030449539;0.7582640342535893;0.753979631693619;62;18;3.7777777777777777;41;1.3709677419354838;0.0224748810153358;103;4194;201;13443;false;false;
BPIC15_2;DK;01_HOOFD_0;830;18;7576;IMf;0.967572936434381;0.32212377137513015;0.4713531868301035;63;17;3.68;36;1.3333333333333333;0.021505376344086023;103;4194;179;13620;false;false;
BPIC15_2;DK;01_HOOFD_0;830;18;7576;IM;1.0;0.32294294710748706;0.4032926489233181;60;18;3.875;41;1.3666666666666667;0.023163841807909605;103;4194;193;578444;false;false;
BPIC15_2;DK;01_HOOFD_6;1;2;2;SM;1.0;1.0;NaN;5;2;NaN;0;0.8;0.2;103;4194;2;47;false;false;
BPIC15_2;DK;01_HOOFD_6;1;2;2;IMf;1.0;1.0;NaN;5;2;NaN;0;0.8;0.2;103;4194;0;39;false;false;
BPIC15_2;DK;01_HOOFD_6;1;2;2;IM;1.0;1.0;NaN;5;2;NaN;0;0.8;0.2;103;4194;0;43;false;false;
BPIC15_2;DK;01_HOOFD_7;106;1;126;SM;1.0;0.9586776859504132;0.9789029535864979;8;1;3.0;3;1.0;0.14285714285714285;103;4194;2;263;false;false;
BPIC15_2;DK;01_HOOFD_7;106;1;126;IMf;0.9213836477987418;1.0;0.9597902263370027;3;1;NaN;0;0.6666666666666666;0.3333333333333333;103;4194;0;263;false;false;
BPIC15_2;DK;01_HOOFD_7;106;1;126;IM;1.0;0.9456120126511187;0.9720458205463217;6;1;3.0;2;1.0;0.2;103;4194;0;301;false;false;
BPIC15_2;DK;01_HOOFD_3;698;10;2732;SM;0.8677230262016183;0.6776040981466669;0.7765853039344397;61;10;4.435897435897436;51;1.7704918032786885;0.029508196721311476;103;4194;100;1512;false;false;
BPIC15_2;DK;01_HOOFD_3;698;10;2732;IMf;0.9581254264689533;0.9303148731824461;0.9350724580184161;38;10;3.142857142857143;19;1.2105263157894737;0.032716927453769556;103;4194;27;811;false;false;
BPIC15_2;DK;01_HOOFD_3;698;10;2732;IM;1.0;0.38593926268627515;0.5687052182361415;51;10;3.1538461538461537;36;1.2941176470588236;0.02588235294117647;103;4194;81;4111;false;false;
BPIC15_2;DK;01_HOOFD_1;773;23;4557;SM;-1.0;NaN;0.7085160859741553;123;23;4.5;102;1.6666666666666667;0.01366120218579235;103;4194;213;33418;false;true;
BPIC15_2;DK;01_HOOFD_1;773;23;4557;IMf;0.8592167640518941;0.7321742593815657;0.7863282873757348;75;17;3.225806451612903;44;1.2533333333333334;0.016936936936936937;103;4194;140;9032;false;false;
BPIC15_2;DK;01_HOOFD_1;773;23;4557;IM;1.0;0.18863920989867733;0.3376236867598857;154;23;3.207792207792208;110;1.2987012987012987;0.008488243782361429;103;4194;149;2031042;false;false;
BPIC15_2;DK;01_HOOFD_8;618;10;2488;SM;0.6316566321248476;0.5777980165474298;0.6635751885005587;57;10;4.305555555555555;47;1.719298245614035;0.03070175438596491;103;4194;96;12956;false;true;
BPIC15_2;DK;01_HOOFD_8;618;10;2488;IMf;0.933062441601508;0.6753659282129773;0.748609772728697;40;10;3.5;22;1.3;0.03333333333333333;103;4194;42;3608;false;false;
BPIC15_2;DK;01_HOOFD_8;618;10;2488;IM;1.0;0.43946050697426436;0.6053216614071761;48;10;3.230769230769231;36;1.3333333333333333;0.028368794326241134;103;4194;25;5031;false;false;
BPIC15_3;DK;15_NGV;102;5;119;SM;-1.0;NaN;0.9398405992256924;14;5;2.75;4;1.0714285714285714;0.08241758241758242;167;9381;1834;2557;false;true;
BPIC15_3;DK;15_NGV;102;5;119;IMf;0.9908428649237472;0.9744779018941234;0.9232323031238582;22;5;2.8333333333333335;7;1.0909090909090908;0.05194805194805195;167;9381;694;832;false;false;
BPIC15_3;DK;15_NGV;102;5;119;IM;1.0;0.6116828291897011;0.7830326164656447;30;5;3.0;12;1.1333333333333333;0.03908045977011494;167;9381;64;947;false;false;
BPIC15_3;DK;10_OLO;2;1;2;SM;1.0;1.0;1.0;3;1;NaN;0;0.6666666666666666;0.3333333333333333;167;9381;5;312;false;false;
BPIC15_3;DK;10_OLO;2;1;2;IMf;1.0;1.0;1.0;3;1;NaN;0;0.6666666666666666;0.3333333333333333;167;9381;0;245;false;false;
BPIC15_3;DK;10_OLO;2;1;2;IM;1.0;1.0;1.0;3;1;NaN;0;0.6666666666666666;0.3333333333333333;167;9381;0;243;false;false;
BPIC15_3;DK;08_OLO;1;1;1;SM;1.0;1.0;NaN;3;1;NaN;0;0.6666666666666666;0.3333333333333333;167;9381;4;95;false;false;
BPIC15_3;DK;08_OLO;1;1;1;IMf;1.0;1.0;NaN;3;1;NaN;0;0.6666666666666666;0.3333333333333333;167;9381;4;90;false;false;
BPIC15_3;DK;08_OLO;1;1;1;IM;1.0;1.0;NaN;3;1;NaN;0;0.6666666666666666;0.3333333333333333;167;9381;0;42;false;false;
BPIC15_3;DK;03_VD;27;1;27;SM;1.0;1.0;1.0;3;1;NaN;0;0.6666666666666666;0.3333333333333333;167;9381;7;373;false;false;
BPIC15_3;DK;03_VD;27;1;27;IMf;1.0;1.0;1.0;3;1;NaN;0;0.6666666666666666;0.3333333333333333;167;9381;1;340;false;false;
BPIC15_3;DK;03_VD;27;1;27;IM;1.0;1.0;1.0;3;1;NaN;0;0.6666666666666666;0.3333333333333333;167;9381;0;239;false;false;
BPIC15_3;DK;03_GBH;909;1;909;SM;1.0;1.0;1.0;3;1;NaN;0;0.6666666666666666;0.3333333333333333;167;9381;10;667;false;false;
BPIC15_3;DK;03_GBH;909;1;909;IMf;1.0;1.0;1.0;3;1;NaN;0;0.6666666666666666;0.3333333333333333;167;9381;4;388;false;false;
BPIC15_3;DK;03_GBH;909;1;909;IM;1.0;1.0;1.0;3;1;NaN;0;0.6666666666666666;0.3333333333333333;167;9381;4;449;false;false;
BPIC15_3;DK;16_LGSD;1;1;1;SM;1.0;1.0;NaN;3;1;NaN;0;0.6666666666666666;0.3333333333333333;167;9381;2;62;false;false;
BPIC15_3;DK;16_LGSD;1;1;1;IMf;1.0;1.0;NaN;3;1;NaN;0;0.6666666666666666;0.3333333333333333;167;9381;0;39;false;false;
BPIC15_3;DK;16_LGSD;1;1;1;IM;1.0;1.0;NaN;3;1;NaN;0;0.6666666666666666;0.3333333333333333;167;9381;0;36;false;false;
BPIC15_3;DK;09_AWB45;107;1;125;SM;1.0;0.9626556016597511;0.9809725158562368;8;1;3.0;3;1.0;0.14285714285714285;167;9381;7;302;false;false;
BPIC15_3;DK;09_AWB45;107;1;125;IMf;0.9299065420560749;1.0;0.9641700604908543;3;1;NaN;0;0.6666666666666666;0.3333333333333333;167;9381;1;289;false;false;
BPIC15_3;DK;09_AWB45;107;1;125;IM;1.0;0.9507899159663865;0.9747742780343235;6;1;3.0;2;1.0;0.2;167;9381;1;291;false;false;
BPIC15_3;DK;16_LGSV;4;1;4;SM;1.0;1.0;1.0;3;1;NaN;0;0.6666666666666666;0.3333333333333333;167;9381;3;319;false;false;
BPIC15_3;DK;16_LGSV;4;1;4;IMf;1.0;1.0;1.0;3;1;NaN;0;0.6666666666666666;0.3333333333333333;167;9381;0;279;false;false;
BPIC15_3;DK;16_LGSV;4;1;4;IM;1.0;1.0;1.0;3;1;NaN;0;0.6666666666666666;0.3333333333333333;167;9381;0;299;false;false;
BPIC15_3;DK;01_HOOFD_6;7;2;11;SM;0.9047619047619048;1.0;0.9607843137254902;5;2;NaN;0;0.8;0.2;167;9381;2;463;false;false;
BPIC15_3;DK;01_HOOFD_6;7;2;11;IMf;1.0;1.0;1.0;6;2;2.5;3;1.0;0.2;167;9381;1;280;false;false;
BPIC15_3;DK;01_HOOFD_6;7;2;11;IM;1.0;1.0;1.0;6;2;2.5;3;1.0;0.2;167;9381;1;247;false;false;
BPIC15_3;DK;01_HOOFD_1;1285;25;6648;SM;0.8536415828257498;0.7182526308098878;0.8400944934794901;104;25;4.625;72;1.4038461538461537;0.01362957430918596;167;9381;403;18890;false;true;
BPIC15_3;DK;01_HOOFD_1;1285;25;6648;IMf;0.8755673617839215;0.7867800400910104;0.74528017816113;79;22;3.586206896551724;46;1.2911392405063291;0.016553067185978577;167;9381;2763;17133;false;false;
BPIC15_3;DK;01_HOOFD_1;1285;25;6648;IM;1.0;0.2350413370269096;0.3557464043437721;147;25;3.2941176470588234;102;1.2925170068027212;0.008852856210977542;167;9381;503;3239743;false;true;
BPIC15_3;DK;01_HOOFD_2;1188;12;4096;SM;0.9394391692755356;0.9354214338421771;0.8725565689884647;52;12;3.473684210526316;33;1.2692307692307692;0.024886877828054297;167;9381;70;1922;false;false;
BPIC15_3;DK;01_HOOFD_2;1188;12;4096;IMf;0.91992862324832;0.6083843358034913;0.748276099304081;49;12;3.2;28;1.2244897959183674;0.025510204081632654;167;9381;129;2285;false;false;
BPIC15_3;DK;01_HOOFD_2;1188;12;4096;IM;1.0;0.3920953687372953;0.615668661375741;93;12;3.1818181818181817;64;1.2688172043010753;0.013791491351098644;167;9381;183;9307;false;false;
BPIC15_3;DK;01_HOOFD_0;1409;18;12215;SM;0.7107895050868572;0.7042370436959134;0.7318469852928429;63;18;3.4;42;1.3174603174603174;0.02124935995903738;167;9381;150;10530;false;false;
BPIC15_3;DK;01_HOOFD_0;1409;18;12215;IMf;0.9852848042486109;0.5052260257468478;0.7541267547067682;59;16;3.4;38;1.2881355932203389;0.022209234365867914;167;9381;275;10303;false;false;
BPIC15_3;DK;01_HOOFD_0;1409;18;12215;IM;1.0;0.20393154220464665;0.3812079791136167;106;18;3.3;69;1.3018867924528301;0.012398921832884097;167;9381;297;492191;false;false;
BPIC15_3;DK;01_HOOFD_5;1113;22;6922;SM;4.6587467971115804E-4;0.3125;0.12967573017543987;137;22;4.675;117;1.781021897810219;0.013095749248604552;167;9381;346;43471;false;false;
BPIC15_3;DK;01_HOOFD_5;1113;22;6922;IMf;0.9542347678835414;0.48665693993970993;0.6386824168639268;74;21;3.466666666666667;45;1.2972972972972974;0.017771195853387635;167;9381;111;11181;false;false;
BPIC15_3;DK;01_HOOFD_5;1113;22;6922;IM;1.0;0.20221747419983394;0.37284967400774877;93;22;3.5952380952380953;68;1.3548387096774193;0.014726507713884993;167;9381;239;555027;false;false;
BPIC15_3;DK;01_HOOFD_4;1162;34;10772;SM;0.0;0.0;0.0;158;34;5.180851063829787;140;1.9430379746835442;0.012376038055309199;167;9381;492;600025;true;false;
BPIC15_3;DK;01_HOOFD_4;1162;34;10772;IMf;0.9133124122303745;0.3971255553471088;0.6187373197293147;95;31;4.129032258064516;54;1.3473684210526315;0.01433370660694289;167;9381;211;301252;false;false;
BPIC15_3;DK;01_HOOFD_4;1162;34;10772;IM;0.0;0.0;0.0;186;34;3.3707865168539324;132;1.3225806451612903;0.0071490845684394075;167;9381;488;600032;true;false;
BPIC15_3;DK;01_HOOFD_3;1171;11;4670;SM;0.9983187131707498;0.6411368362415303;0.771280739129991;42;11;6.4;32;1.5238095238095237;0.03716608594657375;167;9381;122;3563;false;false;
BPIC15_3;DK;01_HOOFD_3;1171;11;4670;IMf;0.9496546197912333;0.8960200621394361;0.9178761705022334;31;9;3.5;15;1.2258064516129032;0.04086021505376344;167;9381;66;848;false;false;
BPIC15_3;DK;01_HOOFD_3;1171;11;4670;IM;1.0;0.319738827792498;0.4943169980695536;72;11;3.057142857142857;50;1.25;0.017605633802816902;167;9381;87;20159;false;false;
BPIC15_3;DK;01_HOOFD_8;64;9;188;SM;0.8232299626486207;0.922944523443468;0.7396725443661735;21;9;4.0;14;1.3333333333333333;0.06666666666666667;167;9381;44;1564;false;false;
BPIC15_3;DK;01_HOOFD_8;64;9;188;IMf;0.9132440476190475;0.43724659078201655;0.6307728119745387;38;9;3.411764705882353;24;1.3157894736842106;0.03556187766714083;167;9381;6;1153;false;false;
BPIC15_3;DK;01_HOOFD_8;64;9;188;IM;1.0;0.3197884161494091;0.5162898069457745;36;9;3.473684210526316;27;1.3888888888888888;0.03968253968253968;167;9381;5;1822;false;false;
BPIC15_3;DK;01_HOOFD_7;28;1;35;SM;1.0;0.9473684210526315;0.9729729729729731;8;1;3.0;3;1.0;0.14285714285714285;167;9381;3;448;false;false;
BPIC15_3;DK;01_HOOFD_7;28;1;35;IMf;0.8958333333333334;1.0;0.9506397428900613;3;1;NaN;0;0.6666666666666666;0.3333333333333333;167;9381;0;357;false;false;
BPIC15_3;DK;01_HOOFD_7;28;1;35;IM;1.0;0.930952380952381;0.9642416769420469;6;1;3.0;2;1.0;0.2;167;9381;0;340;false;false;
BPIC15_4;DK;06_OLO;1;1;1;SM;1.0;1.0;NaN;3;1;NaN;0;0.6666666666666666;0.3333333333333333;158;5694;1462;1906;false;false;
BPIC15_4;DK;06_OLO;1;1;1;IMf;1.0;1.0;NaN;3;1;NaN;0;0.6666666666666666;0.3333333333333333;158;5694;307;44;false;false;
BPIC15_4;DK;06_OLO;1;1;1;IM;1.0;1.0;NaN;3;1;NaN;0;0.6666666666666666;0.3333333333333333;158;5694;2;47;false;false;
BPIC15_4;DK;10_OLO;4;2;5;SM;1.0;1.0;0.9612403100775193;6;2;2.5;2;1.0;0.2;158;5694;52;406;false;false;
BPIC15_4;DK;10_OLO;4;2;5;IMf;1.0;1.0;0.912280701754386;6;2;2.5;2;1.0;0.2;158;5694;98;343;false;false;
BPIC15_4;DK;10_OLO;4;2;5;IM;1.0;1.0;0.912280701754386;6;2;2.5;2;1.0;0.2;158;5694;1;338;false;false;
BPIC15_4;DK;15_NGV;45;1;45;SM;1.0;1.0;1.0;3;1;NaN;0;0.6666666666666666;0.3333333333333333;158;5694;6;457;false;false;
BPIC15_4;DK;15_NGV;45;1;45;IMf;1.0;1.0;1.0;3;1;NaN;0;0.6666666666666666;0.3333333333333333;158;5694;1;240;false;false;
BPIC15_4;DK;15_NGV;45;1;45;IM;1.0;1.0;1.0;3;1;NaN;0;0.6666666666666666;0.3333333333333333;158;5694;1;323;false;false;
BPIC15_4;DK;08_OLO;10;1;10;SM;1.0;1.0;1.0;3;1;NaN;0;0.6666666666666666;0.3333333333333333;158;5694;9;345;false;false;
BPIC15_4;DK;08_OLO;10;1;10;IMf;1.0;1.0;1.0;3;1;NaN;0;0.6666666666666666;0.3333333333333333;158;5694;0;338;false;false;
BPIC15_4;DK;08_OLO;10;1;10;IM;1.0;1.0;1.0;3;1;NaN;0;0.6666666666666666;0.3333333333333333;158;5694;0;249;false;false;
BPIC15_4;DK;03_VD;28;1;28;SM;1.0;1.0;1.0;3;1;NaN;0;0.6666666666666666;0.3333333333333333;158;5694;5;391;false;false;
BPIC15_4;DK;03_VD;28;1;28;IMf;1.0;1.0;1.0;3;1;NaN;0;0.6666666666666666;0.3333333333333333;158;5694;1;310;false;false;
BPIC15_4;DK;03_VD;28;1;28;IM;1.0;1.0;1.0;3;1;NaN;0;0.6666666666666666;0.3333333333333333;158;5694;0;417;false;false;
BPIC15_4;DK;99_NOCODE;79;2;130;SM;0.9947257383966245;0.9944954128440368;0.9923649211817299;14;2;2.6666666666666665;8;1.1428571428571428;0.08791208791208792;158;5694;19;443;false;false;
BPIC15_4;DK;99_NOCODE;79;2;130;IMf;0.781434599156118;0.8765822784810127;0.8466421573943509;7;2;2.6666666666666665;4;1.1428571428571428;0.19047619047619047;158;5694;11;381;false;false;
BPIC15_4;DK;99_NOCODE;79;2;130;IM;1.0;0.9185552407932012;0.9630023756721181;17;2;2.857142857142857;10;1.1764705882352942;0.07352941176470588;158;5694;23;324;false;false;
BPIC15_4;DK;03_GBH;705;1;705;SM;1.0;1.0;1.0;3;1;NaN;0;0.6666666666666666;0.3333333333333333;158;5694;17;390;false;false;
BPIC15_4;DK;03_GBH;705;1;705;IMf;1.0;1.0;1.0;3;1;NaN;0;0.6666666666666666;0.3333333333333333;158;5694;5;544;false;false;
BPIC15_4;DK;03_GBH;705;1;705;IM;1.0;1.0;1.0;3;1;NaN;0;0.6666666666666666;0.3333333333333333;158;5694;23;489;false;false;
BPIC15_4;DK;16_LGSD;332;1;332;SM;1.0;1.0;1.0;3;1;NaN;0;0.6666666666666666;0.3333333333333333;158;5694;12;284;false;false;
BPIC15_4;DK;16_LGSD;332;1;332;IMf;1.0;1.0;1.0;3;1;NaN;0;0.6666666666666666;0.3333333333333333;158;5694;1;314;false;false;
BPIC15_4;DK;16_LGSD;332;1;332;IM;1.0;1.0;1.0;3;1;NaN;0;0.6666666666666666;0.3333333333333333;158;5694;2;281;false;false;
BPIC15_4;DK;11_OLO;2;1;2;SM;1.0;1.0;1.0;3;1;NaN;0;0.6666666666666666;0.3333333333333333;158;5694;4;215;false;false;
BPIC15_4;DK;11_OLO;2;1;2;IMf;1.0;1.0;1.0;3;1;NaN;0;0.6666666666666666;0.3333333333333333;158;5694;0;165;false;false;
BPIC15_4;DK;11_OLO;2;1;2;IM;1.0;1.0;1.0;3;1;NaN;0;0.6666666666666666;0.3333333333333333;158;5694;0;172;false;false;
BPIC15_4;DK;16_LGSV;372;1;372;SM;1.0;1.0;1.0;3;1;NaN;0;0.6666666666666666;0.3333333333333333;158;5694;15;318;false;false;
BPIC15_4;DK;16_LGSV;372;1;372;IMf;1.0;1.0;1.0;3;1;NaN;0;0.6666666666666666;0.3333333333333333;158;5694;0;318;false;false;
BPIC15_4;DK;16_LGSV;372;1;372;IM;1.0;1.0;1.0;3;1;NaN;0;0.6666666666666666;0.3333333333333333;158;5694;1;264;false;false;
BPIC15_4;DK;09_AWB45;131;1;146;SM;1.0;0.9736379613356766;0.9866429207479964;8;1;3.0;3;1.0;0.14285714285714285;158;5694;4;407;false;false;
BPIC15_4;DK;09_AWB45;131;1;146;IMf;0.9522900763358777;1.0;0.9757014970590009;3;1;NaN;0;0.6666666666666666;0.3333333333333333;158;5694;1;272;false;false;
BPIC15_4;DK;09_AWB45;131;1;146;IM;1.0;0.9651462158748664;0.9822640250157585;6;1;3.0;2;1.0;0.2;158;5694;0;272;false;false;
BPIC15_4;DK;01_HOOFD_1;1011;22;5017;SM;0.7151292974546065;0.6582728760238161;0.729381033176071;111;22;5.276923076923077;95;1.954954954954955;0.01777231777231777;158;5694;440;35383;false;false;
BPIC15_4;DK;01_HOOFD_1;1011;22;5017;IMf;0.8676044593562255;0.48244716037943725;0.651191577003018;79;21;3.342857142857143;52;1.2911392405063291;0.016553067185978577;158;5694;705;16826;false;false;
BPIC15_4;DK;01_HOOFD_1;1011;22;5017;IM;1.0;0.24957035261017757;0.4462800533668721;113;22;3.245614035087719;84;1.3097345132743363;0.011694058154235146;158;5694;453;537596;false;false;
BPIC15_4;DK;01_HOOFD_0;1052;18;8542;SM;0.9024738086915804;0.6937419918270286;0.799066971385062;65;18;4.684210526315789;44;1.3846153846153846;0.021634615384615384;158;5694;205;7235;false;false;
BPIC15_4;DK;01_HOOFD_0;1052;18;8542;IMf;0.973893122364705;0.41785446056570236;0.6460966952855318;68;16;3.3703703703703702;36;1.2647058823529411;0.01887620719929763;158;5694;236;10180;false;false;
BPIC15_4;DK;01_HOOFD_0;1052;18;8542;IM;1.0;0.1908028628016879;0.3373220288462228;115;18;3.267857142857143;78;1.3043478260869565;0.011441647597254004;158;5694;233;1102808;false;false;
BPIC15_4;DK;01_HOOFD_5;861;16;5694;SM;0.7065949579491507;0.5088097713645356;0.6193613602042048;97;16;4.893939393939394;89;1.9793814432989691;0.020618556701030927;158;5694;224;29987;false;false;
BPIC15_4;DK;01_HOOFD_5;861;16;5694;IMf;0.9120709700503;0.4491998281756726;0.6024539190815825;68;15;3.2903225806451615;43;1.2941176470588236;0.019315188762071993;158;5694;88;12842;false;false;
BPIC15_4;DK;01_HOOFD_5;861;16;5694;IM;1.0;0.19698376771947657;0.33571585510056795;96;16;3.3;70;1.3333333333333333;0.014035087719298246;158;5694;91;100014;false;false;
BPIC15_4;DK;01_HOOFD_4;872;33;8102;SM;0.5352648518792548;0.6849671975398881;0.5958653900237857;155;33;4.47945205479452;121;1.5806451612903225;0.010263929618768328;158;5694;361;156482;false;false;
BPIC15_4;DK;01_HOOFD_4;872;33;8102;IMf;0.9905424071187328;0.4572081748636877;0.6277077519365076;91;30;3.75;64;1.3406593406593406;0.014896214896214897;158;5694;173;31201;false;false;
BPIC15_4;DK;01_HOOFD_4;872;33;8102;IM;0.0;0.0;0.0;168;33;3.292682926829268;118;1.3095238095238095;0.00784145993726832;158;5694;260;600032;true;false;
BPIC15_4;DK;01_HOOFD_3;875;8;3320;SM;0.936615797900308;0.6879349666005916;0.8726716490790557;38;8;4.130434782608695;30;1.631578947368421;0.044096728307254626;158;5694;59;767;false;false;
BPIC15_4;DK;01_HOOFD_3;875;8;3320;IMf;0.9765246630888993;0.8740840336134454;0.9442313950219824;27;8;3.111111111111111;12;1.1851851851851851;0.045584045584045586;158;5694;52;562;false;false;
BPIC15_4;DK;01_HOOFD_3;875;8;3320;IM;1.0;0.31906800830684634;0.505995071861685;55;8;3.1538461538461537;37;1.2727272727272727;0.02356902356902357;158;5694;68;1720;false;false;
BPIC15_4;DK;01_HOOFD_2;889;11;2988;SM;0.9761073397147914;0.9085401055929999;0.8518364467426877;41;11;3.466666666666667;26;1.2682926829268293;0.03170731707317073;158;5694;53;1002;false;false;
BPIC15_4;DK;01_HOOFD_2;889;11;2988;IMf;0.9722476494709015;0.8400457712255791;0.9031494367545934;44;11;3.176470588235294;24;1.2272727272727273;0.02854122621564482;158;5694;67;1008;false;false;
BPIC15_4;DK;01_HOOFD_2;889;11;2988;IM;1.0;0.4876373478668931;0.7149607637168606;87;11;3.175;59;1.264367816091954;0.014701951349906442;158;5694;46;3021;false;false;
BPIC15_4;DK;01_HOOFD_7;33;1;35;SM;1.0;0.9855072463768116;0.9927007299270074;8;1;3.0;3;1.0;0.14285714285714285;158;5694;3;266;false;false;
BPIC15_4;DK;01_HOOFD_7;33;1;35;IMf;0.9747474747474747;1.0;0.9842022116903634;3;1;NaN;0;0.6666666666666666;0.3333333333333333;158;5694;0;290;false;false;
BPIC15_4;DK;01_HOOFD_7;33;1;35;IM;1.0;0.9807674526121128;0.9902903557090842;6;1;3.0;2;1.0;0.2;158;5694;0;243;false;false;
BPIC15_4;DK;01_HOOFD_8;437;9;825;SM;0.8484064244933811;0.7599194279635959;0.7933484668944205;39;9;3.4761904761904763;28;1.3846153846153846;0.03643724696356275;158;5694;35;1045;false;false;
BPIC15_4;DK;01_HOOFD_8;437;9;825;IMf;0.9578364801182476;0.752129181665643;0.7623911302628831;36;9;3.411764705882353;24;1.3333333333333333;0.0380952380952381;158;5694;14;1122;false;false;
BPIC15_4;DK;01_HOOFD_8;437;9;825;IM;1.0;0.42050443751494015;0.6582330217216348;49;9;3.2;35;1.3061224489795917;0.027210884353741496;158;5694;23;1688;false;false;
BPIC15_5;DK;16_LGSD;316;1;317;SM;1.0;0.9992107340173638;0.9991666170310595;8;1;3.0;3;1.0;0.14285714285714285;134;7267;1446;1132;false;false;
BPIC15_5;DK;16_LGSD;316;1;317;IMf;0.9986814345991561;1.0;0.9993244156195109;3;1;NaN;0;0.6666666666666666;0.3333333333333333;134;7267;245;338;false;false;
BPIC15_5;DK;16_LGSD;316;1;317;IM;1.0;0.9989479218551109;0.999016611640929;6;1;3.0;2;1.0;0.2;134;7267;23;304;false;false;
BPIC15_5;DK;15_NGV;190;2;191;SM;1.0;1.0;0.9987090111025045;6;2;2.5;2;1.0;0.2;134;7267;41;308;false;false;
BPIC15_5;DK;15_NGV;190;2;191;IMf;1.0;1.0;0.9989113868930982;6;2;2.5;2;1.0;0.2;134;7267;72;249;false;false;
BPIC15_5;DK;15_NGV;190;2;191;IM;1.0;1.0;0.9989444796284568;6;2;2.5;2;1.0;0.2;134;7267;17;274;false;false;
BPIC15_5;DK;03_GBH;713;1;713;SM;1.0;1.0;1.0;3;1;NaN;0;0.6666666666666666;0.3333333333333333;134;7267;11;327;false;false;
BPIC15_5;DK;03_GBH;713;1;713;IMf;1.0;1.0;1.0;3;1;NaN;0;0.6666666666666666;0.3333333333333333;134;7267;1;245;false;false;
BPIC15_5;DK;03_GBH;713;1;713;IM;1.0;1.0;1.0;3;1;NaN;0;0.6666666666666666;0.3333333333333333;134;7267;1;290;false;false;
BPIC15_5;DK;11_OLO;1;1;1;SM;1.0;1.0;NaN;3;1;NaN;0;0.6666666666666666;0.3333333333333333;134;7267;3;42;false;false;
BPIC15_5;DK;11_OLO;1;1;1;IMf;1.0;1.0;NaN;3;1;NaN;0;0.6666666666666666;0.3333333333333333;134;7267;0;38;false;false;
BPIC15_5;DK;11_OLO;1;1;1;IM;1.0;1.0;NaN;3;1;NaN;0;0.6666666666666666;0.3333333333333333;134;7267;0;32;false;false;
BPIC15_5;DK;08_OLO;1;1;1;SM;1.0;1.0;NaN;3;1;NaN;0;0.6666666666666666;0.3333333333333333;134;7267;3;45;false;false;
BPIC15_5;DK;08_OLO;1;1;1;IMf;1.0;1.0;NaN;3;1;NaN;0;0.6666666666666666;0.3333333333333333;134;7267;0;38;false;false;
BPIC15_5;DK;08_OLO;1;1;1;IM;1.0;1.0;NaN;3;1;NaN;0;0.6666666666666666;0.3333333333333333;134;7267;0;32;false;false;
BPIC15_5;DK;03_VD;10;1;10;SM;1.0;1.0;1.0;3;1;NaN;0;0.6666666666666666;0.3333333333333333;134;7267;2;242;false;false;
BPIC15_5;DK;03_VD;10;1;10;IMf;1.0;1.0;1.0;3;1;NaN;0;0.6666666666666666;0.3333333333333333;134;7267;0;215;false;false;
BPIC15_5;DK;03_VD;10;1;10;IM;1.0;1.0;1.0;3;1;NaN;0;0.6666666666666666;0.3333333333333333;134;7267;0;237;false;false;
BPIC15_5;DK;99_NOCODE;36;4;57;SM;1.0;0.9175665494726268;0.9436508005421215;17;4;3.6666666666666665;11;1.2941176470588236;0.08088235294117647;134;7267;44;520;false;false;
BPIC15_5;DK;99_NOCODE;36;4;57;IMf;0.8685444155215398;0.9304799143508821;0.8997058706923067;15;4;2.857142857142857;9;1.2;0.08571428571428572;134;7267;55;337;false;false;
BPIC15_5;DK;99_NOCODE;36;4;57;IM;1.0;0.7440344303247528;0.8287009054537912;21;4;2.909090909090909;15;1.2380952380952381;0.06190476190476191;134;7267;3;371;false;false;
BPIC15_5;DK;16_LGSV;421;1;421;SM;1.0;1.0;1.0;3;1;NaN;0;0.6666666666666666;0.3333333333333333;134;7267;5;248;false;false;
BPIC15_5;DK;16_LGSV;421;1;421;IMf;1.0;1.0;1.0;3;1;NaN;0;0.6666666666666666;0.3333333333333333;134;7267;0;306;false;false;
BPIC15_5;DK;16_LGSV;421;1;421;IM;1.0;1.0;1.0;3;1;NaN;0;0.6666666666666666;0.3333333333333333;134;7267;1;226;false;false;
BPIC15_5;DK;09_AWB45;149;1;179;SM;1.0;0.956268221574344;0.977645305514158;8;1;3.0;3;1.0;0.14285714285714285;134;7267;5;250;false;false;
BPIC15_5;DK;09_AWB45;149;1;179;IMf;0.9161073825503356;1.0;0.9563527473929061;3;1;NaN;0;0.6666666666666666;0.3333333333333333;134;7267;1;208;false;false;
BPIC15_5;DK;09_AWB45;149;1;179;IM;1.0;0.9424812402895772;0.9703890269221606;6;1;3.0;2;1.0;0.2;134;7267;0;206;false;false;
BPIC15_5;DK;01_HOOFD_0;1155;18;10432;SM;0.6880590968684411;0.9227914185733681;0.7921979993142362;46;18;3.6666666666666665;27;1.2608695652173914;0.028019323671497585;134;7267;162;4713;false;false;
BPIC15_5;DK;01_HOOFD_0;1155;18;10432;IMf;0.974055984900142;0.24160295665880469;0.6108533439513695;58;14;3.739130434782609;32;1.3448275862068966;0.023593466424682397;134;7267;426;9905;false;false;
BPIC15_5;DK;01_HOOFD_0;1155;18;10432;IM;1.0;0.2552771982415303;0.4384609452926149;89;18;3.3658536585365852;60;1.303370786516854;0.01481103166496425;134;7267;394;62012;false;false;
BPIC15_5;DK;01_HOOFD_1;1119;28;7171;SM;0.07146346687665638;0.4444444444444444;0.6630065209810272;225;28;7.7612903225806456;223;2.982222222222222;0.013313492063492064;134;7267;3425;93953;false;true;
BPIC15_5;DK;01_HOOFD_1;1119;28;7171;IMf;0.8613581438616914;0.47892937344019515;0.6008660764327468;90;21;3.2;55;1.2666666666666666;0.014232209737827715;134;7267;172;20093;false;false;
BPIC15_5;DK;01_HOOFD_1;1119;28;7171;IM;1.0;0.2061114438529078;NaN;124;28;3.43859649122807;88;1.3225806451612903;0.010752688172043012;134;7267;358;3841023;false;true;
BPIC15_5;DK;01_HOOFD_4;972;30;8733;SM;0.9020710549667112;0.6638707734458615;0.731571972474247;133;30;4.476190476190476;92;1.3909774436090225;0.010537707906128959;134;7267;270;139274;false;false;
BPIC15_5;DK;01_HOOFD_4;972;30;8733;IMf;0.9832568709965408;0.37397267388135036;0.6367496761967729;80;28;4.76;49;1.425;0.018037974683544303;134;7267;267;101975;false;false;
BPIC15_5;DK;01_HOOFD_4;972;30;8733;IM;0.0;0.0;0.0;179;30;3.4683544303797467;123;1.318435754189944;0.007406942439269349;134;7267;348;600030;true;false;
BPIC15_5;DK;01_HOOFD_5;972;18;6386;SM;-1.0;NaN;0.5276712260209308;95;18;4.762711864406779;82;1.8526315789473684;0.019708846584546472;134;7267;106;32958;false;true;
BPIC15_5;DK;01_HOOFD_5;972;18;6386;IMf;0.9711660899614288;0.40395052712376667;0.5591627373866592;64;15;3.3846153846153846;35;1.28125;0.020337301587301588;134;7267;117;18536;false;false;
BPIC15_5;DK;01_HOOFD_5;972;18;6386;IM;0.0;0.0;0.0;134;18;3.3225806451612905;91;1.2985074626865671;0.00976321400516216;134;7267;309;600031;true;false;
BPIC15_5;DK;01_HOOFD_2;998;13;3647;SM;0.9860773450809035;0.7027432794672807;0.8981911519971643;71;13;5.622222222222222;67;2.140845070422535;0.030583501006036216;134;7267;82;1697;false;false;
BPIC15_5;DK;01_HOOFD_2;998;13;3647;IMf;0.9265134505224745;0.5950088360816475;0.7847313061236877;55;12;3.217391304347826;32;1.2363636363636363;0.022895622895622896;134;7267;48;1492;false;false;
BPIC15_5;DK;01_HOOFD_2;998;13;3647;IM;1.0;0.30738972670084935;0.514879450281351;111;13;3.037037037037037;74;1.2432432432432432;0.011302211302211302;134;7267;57;20805;false;false;
BPIC15_5;DK;01_HOOFD_3;972;10;3728;SM;0.8156808293615666;0.7860324435905146;0.8213995679579987;61;10;4.902439024390244;56;1.9672131147540983;0.03278688524590164;134;7267;82;1704;false;false;
BPIC15_5;DK;01_HOOFD_3;972;10;3728;IMf;0.9667502680917218;0.9291525554569044;0.9401415011687023;35;9;3.076923076923077;17;1.2;0.03529411764705882;134;7267;34;738;false;false;
BPIC15_5;DK;01_HOOFD_3;972;10;3728;IM;1.0;0.38915136791019034;0.5194494760853221;66;10;3.1;42;1.2424242424242424;0.019114219114219115;134;7267;65;6748;false;false;
BPIC15_5;DK;01_HOOFD_7;273;1;333;SM;1.0;0.9528301886792453;0.9758454106280195;8;1;3.0;3;1.0;0.14285714285714285;134;7267;3;315;false;false;
BPIC15_5;DK;01_HOOFD_7;273;1;333;IMf;0.908424908424908;1.0;0.9517657104668066;3;1;NaN;0;0.6666666666666666;0.3333333333333333;134;7267;0;277;false;false;
BPIC15_5;DK;01_HOOFD_7;273;1;333;IM;1.0;0.9380210881808326;0.968019485341439;6;1;3.0;2;1.0;0.2;134;7267;0;260;false;false;
BPIC15_5;DK;01_HOOFD_8;708;10;2589;SM;0.7932588253967869;0.9249045371747707;0.7601435472067218;34;10;3.3684210526315788;24;1.3823529411764706;0.04188948306595366;134;7267;62;2302;false;false;
BPIC15_5;DK;01_HOOFD_8;708;10;2589;IMf;0.9494066678321199;0.5614354336238889;0.7172522007778022;38;9;3.263157894736842;26;1.3157894736842106;0.03556187766714083;134;7267;49;3242;false;false;
BPIC15_5;DK;01_HOOFD_8;708;10;2589;IM;1.0;0.35292031371994437;0.5709579390697387;40;10;3.5238095238095237;30;1.4;0.035897435897435895;134;7267;42;3461;false;false;
BPIC15_5;DK;root;1156;41;13013;SM;-1.0;NaN;0.7259008398410667;253;41;8.577181208053691;234;2.932806324110672;0.011638120333772508;52;3307;1125;211656;false;true;
BPIC15_5;DK;root;1156;41;13013;IMf;0.961558218429695;0.5135370072945176;0.6345609601905692;85;32;4.461538461538462;56;1.3647058823529412;0.016246498599439777;52;3307;750;23140;false;false;
BPIC15_5;DK;root;1156;41;13013;IM;1.0;0.1036744018534298;0.16600412566682815;182;41;3.4680851063829787;135;1.3736263736263736;0.007589095986886042;52;3307;458;1654691;false;true;
BPIC15_5;DK;01_HOOFD;1155;16;13917;SM;0.7582490694869249;0.9821372698217221;0.8584963523147753;42;16;3.3076923076923075;21;1.1904761904761905;0.029036004645760744;52;3307;65;3426;false;false;
BPIC15_5;DK;01_HOOFD;1155;16;13917;IMf;0.9174331338842723;0.5597108952779339;0.7004620459190068;60;16;3.4;18;1.1666666666666667;0.01977401129943503;52;3307;240;10131;false;false;
BPIC15_5;DK;01_HOOFD;1155;16;13917;IM;1.0;0.2751112794666594;0.4285932288080878;69;16;3.5;47;1.3333333333333333;0.0196078431372549;52;3307;142;62966;false;false;
BPIC15_5;DK;11_AH;670;37;799;SM;-1.0;NaN;0.7659912340346566;210;37;5.175;173;1.9047619047619047;0.00911369332421964;52;3307;127;4265;false;false;
BPIC15_5;DK;11_AH;670;37;799;IMf;0.9988724761074352;0.44951648450613324;0.7294913059893076;162;37;3.4027777777777777;101;1.308641975308642;0.00812821102676175;52;3307;69;146258;false;false;
BPIC15_5;DK;11_AH;670;37;799;IM;1.0;0.14657359756070143;0.5633070778373689;165;37;3.4794520547945207;102;1.3212121212121213;0.008056171470805618;52;3307;35;15919;false;false;
BPIC15_5;DK;08_AWB45;737;35;4125;SM;0.8681635926414268;0.5788029139559532;0.7450484760136934;168;35;4.858585858585859;143;1.8392857142857142;0.011013686911890504;52;3307;129;33425;false;false;
BPIC15_5;DK;08_AWB45;737;35;4125;IMf;0.9579932784767824;0.16855610565167398;0.30588793192065494;139;33;3.357142857142857;104;1.3381294964028776;0.009696590553644042;52;3307;110;325053;false;false;
BPIC15_5;DK;08_AWB45;737;35;4125;IM;-1.0;0.09908165894645071;0.2392809640570132;176;35;3.3444444444444446;128;1.3409090909090908;0.007662337662337662;52;3307;106;1752220;false;true;
BPIC15_5;DK;06_VD;489;19;615;SM;-1.0;NaN;0.6717191297249774;138;19;4.5978260869565215;127;1.8623188405797102;0.013593568179413942;52;3307;91;917;false;true;
BPIC15_5;DK;06_VD;489;19;615;IMf;0.9950226674627135;0.6346648418092357;0.8029332529170787;70;19;3.6;26;1.2285714285714286;0.01780538302277433;52;3307;48;1640;false;false;
BPIC15_5;DK;06_VD;489;19;615;IM;1.0;0.5814686925366017;0.7732565651328479;84;19;3.4324324324324325;51;1.3095238095238095;0.015777395295467584;52;3307;12;1047;false;false;
BPIC15_5;DK;10_UOV;78;40;861;SM;0.7456157580635727;0.5160993263557896;0.6620676522573105;171;40;6.014925373134329;119;1.7836257309941521;0.010491916064671482;52;3307;188;11992;false;true;
BPIC15_5;DK;10_UOV;78;40;861;IMf;0.9633085892438907;0.22090391024166184;0.2934646727470947;137;34;3.58;73;1.2846715328467153;0.009446114212108201;52;3307;30;389115;false;false;
BPIC15_5;DK;10_UOV;78;40;861;IM;-1.0;0.09206423483917049;0.2454351934653706;212;40;3.393939393939394;143;1.320754716981132;0.006259501028346597;52;3307;49;1184642;false;true;
BPIC15_5;DK;01_OLO;3;6;12;SM;0.8666666666666667;1.0;0.7882241215574548;14;6;2.5;3;1.0;0.07692307692307693;52;3307;3;92;false;false;
BPIC15_5;DK;01_OLO;3;6;12;IMf;1.0;0.8571428571428571;0.7882241215574548;15;6;2.5;5;1.0666666666666667;0.0761904761904762;52;3307;0;68;false;false;
BPIC15_5;DK;01_OLO;3;6;12;IM;1.0;0.8571428571428571;0.7882241215574548;15;6;2.5;5;1.0666666666666667;0.0761904761904762;52;3307;0;70;false;false;
BPIC15_5;DK;12_AP;21;21;149;SM;0.7623833737928654;0.8473187605560608;0.7727756497651823;66;21;3.36;37;1.2575757575757576;0.01934731934731935;52;3307;38;422;false;false;
BPIC15_5;DK;12_AP;21;21;149;IMf;0.8396825396825397;0.8389485047692704;0.669286724090946;62;21;3.6;24;1.1935483870967742;0.01956636700158646;52;3307;5;550;false;false;
BPIC15_5;DK;12_AP;21;21;149;IM;1.0;0.32485658981675003;0.5582158572475614;130;21;3.4074074074074074;77;1.2923076923076924;0.01001788908765653;52;3307;10;4538;false;false;
BPIC15_5;DK;07_OPS;269;10;296;SM;0.996854446668573;0.6786667567319931;0.8954108858781519;20;10;3.0;6;1.1;0.05789473684210526;52;3307;13;271;false;false;
BPIC15_5;DK;07_OPS;269;10;296;IMf;0.9984987131827281;0.9318726331246618;0.9748422740709334;36;10;4.166666666666667;7;1.1666666666666667;0.03333333333333333;52;3307;5;185;false;false;
BPIC15_5;DK;07_OPS;269;10;296;IM;1.0;0.8099735424643018;0.9185371656648655;41;10;4.0;9;1.170731707317073;0.02926829268292683;52;3307;3;190;false;false;
BPIC15_5;DK;05_EIND;889;13;1037;SM;0.9932660613552067;0.7673735447117218;0.8312137652539026;37;13;3.6923076923076925;24;1.2972972972972974;0.036036036036036036;52;3307;26;666;false;false;
BPIC15_5;DK;05_EIND;889;13;1037;IMf;0.9928017038885993;0.7944672037940719;0.8846074222998513;53;12;3.227272727272727;30;1.2452830188679245;0.023947750362844702;52;3307;18;1019;false;false;
BPIC15_5;DK;05_EIND;889;13;1037;IM;1.0;0.2974735138015852;0.48419712814221433;62;13;3.242424242424242;46;1.3225806451612903;0.02168164992067689;52;3307;12;699;false;false;
BPIC15_5;DK;01_BB;770;27;2085;SM;0.5579879486594286;0.6323239629682125;0.7833107315241102;112;27;4.136363636363637;91;1.625;0.01463963963963964;52;3307;82;2894;false;false;
BPIC15_5;DK;01_BB;770;27;2085;IMf;0.8937521088544375;0.9189431332449489;0.8985792350193433;89;27;3.4375;50;1.2584269662921348;0.014300306435137897;52;3307;16;958;false;false;
BPIC15_5;DK;01_BB;770;27;2085;IM;1.0;0.20016278589939734;0.3380541520715698;126;27;3.306451612903226;87;1.3174603174603174;0.01053968253968254;52;3307;109;20532;false;false;
BPIC15_5;DK;04_BPT;790;11;1237;SM;0.9901694456762797;0.9004828522568348;0.956401424847244;44;11;3.391304347826087;30;1.3636363636363635;0.03171247357293869;52;3307;22;379;false;false;
BPIC15_5;DK;04_BPT;790;11;1237;IMf;0.9677888725762058;0.8885031169563056;0.858680753061388;38;11;3.3076923076923075;20;1.2105263157894737;0.032716927453769556;52;3307;10;643;false;false;
BPIC15_5;DK;04_BPT;790;11;1237;IM;1.0;0.252196906998793;0.4670740373747231;81;11;3.230769230769231;55;1.2839506172839505;0.016049382716049384;52;3307;20;20317;false;false;
BPIC15_5;DK;14_VRIJ;539;23;779;SM;-1.0;NaN;0.738282613150519;120;23;4.328571428571428;88;1.675;0.01407563025210084;52;3307;42;1535;false;true;
BPIC15_5;DK;14_VRIJ;539;23;779;IMf;0.9935309106837562;0.6288153164720687;0.8015422711493665;79;23;4.8;21;1.2658227848101267;0.01622849724115547;52;3307;6;10521;false;false;
BPIC15_5;DK;14_VRIJ;539;23;779;IM;1.0;0.6198808880166485;0.7636475039407378;106;23;3.5405405405405403;49;1.2641509433962264;0.012039532794249776;52;3307;7;1880;false;false;
BPIC15_5;DK;09_AH;971;4;991;SM;1.0;0.9980181348242858;0.9986544801315548;12;4;3.25;6;1.1666666666666667;0.10606060606060606;52;3307;6;124;false;false;
BPIC15_5;DK;09_AH;971;4;991;IMf;0.9933866440499989;1.0;0.99681408471533;9;4;3.0;4;1.1111111111111112;0.1388888888888889;52;3307;3;122;false;false;
BPIC15_5;DK;09_AH;971;4;991;IM;1.0;0.9981137032768539;0.998624605296464;12;4;3.0;6;1.1666666666666667;0.10606060606060606;52;3307;3;118;false;false;
BPIC15_5;DK;13_CRD;419;1;419;SM;1.0;1.0;1.0;3;1;NaN;0;0.6666666666666666;0.3333333333333333;52;3307;1;83;false;false;
BPIC15_5;DK;13_CRD;419;1;419;IMf;1.0;1.0;1.0;3;1;NaN;0;0.6666666666666666;0.3333333333333333;52;3307;0;77;false;false;
BPIC15_5;DK;13_CRD;419;1;419;IM;1.0;1.0;1.0;3;1;NaN;0;0.6666666666666666;0.3333333333333333;52;3307;0;78;false;false;
BPIC15_5;DK;02_DRZ;769;1;769;SM;1.0;1.0;1.0;3;1;NaN;0;0.6666666666666666;0.3333333333333333;52;3307;1;106;false;false;
BPIC15_5;DK;02_DRZ;769;1;769;IMf;1.0;1.0;1.0;3;1;NaN;0;0.6666666666666666;0.3333333333333333;52;3307;0;83;false;false;
BPIC15_5;DK;02_DRZ;769;1;769;IM;1.0;1.0;1.0;3;1;NaN;0;0.6666666666666666;0.3333333333333333;52;3307;0;98;false;false;
BPIC15_3;DK;root;1409;38;11542;SM;-1.0;NaN;0.7401578618813491;195;38;5.136752136752137;165;1.9384615384615385;0.009992069785884218;103;6447;2258;155654;false;true;
BPIC15_3;DK;root;1409;38;11542;IMf;0.888140549820353;0.523030701428548;0.605873767693265;139;37;3.3833333333333333;93;1.2949640287769784;0.009383797309978105;103;6447;931;430263;false;false;
BPIC15_3;DK;root;1409;38;11542;IM;1.0;0.14916128345407395;0.28165535035708783;181;38;3.3333333333333335;129;1.3370165745856353;0.007427869858809086;103;6447;598;1761201;false;true;
BPIC15_3;DK;01_HOOFD;1409;18;14765;SM;0.8068685356123261;0.8133934214236715;0.7477396895859987;58;18;3.44;34;1.293103448275862;0.022686025408348458;103;6447;141;6070;false;false;
BPIC15_3;DK;01_HOOFD;1409;18;14765;IMf;0.8997996913987296;0.7017760622365128;0.8512943278146574;48;16;3.6153846153846154;19;1.2083333333333333;0.025709219858156027;103;6447;160;6858;false;false;
BPIC15_3;DK;01_HOOFD;1409;18;14765;IM;1.0;0.20409500373679818;0.40413585178822165;93;18;3.2444444444444445;62;1.2903225806451613;0.014025245441795231;103;6447;320;99004;false;false;
BPIC15_3;DK;06_VD;439;27;979;SM;0.5561801791124401;0.6421486979444193;0.7377358730998727;104;27;4.537037037037037;71;1.6538461538461537;0.016056758775205376;103;6447;102;5136;false;true;
BPIC15_3;DK;06_VD;439;27;979;IMf;0.9762446668326819;0.3295759021386121;0.5178221878610733;92;27;3.5135135135135136;56;1.3043478260869565;0.01433349259436216;103;6447;61;146570;false;false;
BPIC15_3;DK;06_VD;439;27;979;IM;1.0;0.12084397090407495;0.37140203140231925;126;27;3.459016393442623;87;1.3492063492063493;0.010793650793650795;103;6447;64;407058;false;false;
BPIC15_3;DK;10_UOV;106;40;926;SM;0.5179904751622828;0.5213380428988063;0.44554130722102786;221;40;5.321678321678322;199;2.072398190045249;0.00941999177293295;103;6447;416;101375;false;false;
BPIC15_3;DK;10_UOV;106;40;926;IMf;0.9697899788886275;0.18596675030096935;0.39619837296566734;114;30;3.6382978723404253;74;1.3333333333333333;0.011799410029498525;103;6447;52;532777;false;false;
BPIC15_3;DK;10_UOV;106;40;926;IM;1.0;0.1299288177359031;0.21264683194568335;170;40;3.3950617283950617;115;1.3294117647058823;0.007866341802993386;103;6447;54;326485;false;false;
BPIC15_3;DK;01_OLO;2;5;10;SM;1.0;1.0;1.0;11;5;NaN;0;0.9090909090909091;0.09090909090909091;103;6447;5;182;false;false;
BPIC15_3;DK;01_OLO;2;5;10;IMf;1.0;1.0;1.0;11;5;NaN;0;0.9090909090909091;0.09090909090909091;103;6447;0;155;false;false;
BPIC15_3;DK;01_OLO;2;5;10;IM;1.0;1.0;1.0;11;5;NaN;0;0.9090909090909091;0.09090909090909091;103;6447;0;190;false;false;
BPIC15_3;DK;14_VRIJ;193;22;242;SM;0.6423449323274019;0.6161344718714121;0.8464699732763696;80;22;4.333333333333333;54;1.5625;0.01977848101265823;103;6447;148;1066;false;false;
BPIC15_3;DK;14_VRIJ;193;22;242;IMf;0.9888260846810071;0.7812870864666038;0.904997627335224;80;22;3.2413793103448274;41;1.225;0.01550632911392405;103;6447;5;445;false;false;
BPIC15_3;DK;14_VRIJ;193;22;242;IM;1.0;0.7702449921594456;0.9046928727259087;85;22;3.2580645161290325;43;1.223529411764706;0.014565826330532213;103;6447;5;587;false;false;
BPIC15_3;DK;08_AWB45;858;36;3517;SM;-1.0;NaN;0.5313662923659237;228;36;4.964788732394366;208;1.9210526315789473;0.008462786923255274;103;6447;424;136793;false;true;
BPIC15_3;DK;08_AWB45;858;36;3517;IMf;0.9660285500379573;0.3829999532500612;0.45636358578416686;100;33;3.8536585365853657;75;1.38;0.013939393939393939;103;6447;146;582494;false;false;
BPIC15_3;DK;08_AWB45;858;36;3517;IM;1.0;0.17586508954640684;0.26499234818053313;181;36;3.383720930232558;129;1.3259668508287292;0.007366482504604052;103;6447;122;3315638;false;true;
BPIC15_3;DK;11_AH;764;27;1364;SM;0.9836576901959356;0.74384582274709;0.7599137563173474;70;27;3.5652173913043477;41;1.2571428571428571;0.018219461697722567;103;6447;63;3380;false;false;
BPIC15_3;DK;11_AH;764;27;1364;IMf;0.9924189078800435;0.40146289330099816;0.7097894031937976;89;23;3.575;62;1.348314606741573;0.015321756894790603;103;6447;36;15535;false;false;
BPIC15_3;DK;11_AH;764;27;1364;IM;1.0;0.1841589699374359;0.3531048872548472;134;27;3.4642857142857144;76;1.2985074626865671;0.00976321400516216;103;6447;40;70390;false;false;
BPIC15_3;DK;07_OPS;190;20;343;SM;0.7650600002443609;0.5900567528436658;0.8562485928000284;89;20;4.96078431372549;75;1.8426966292134832;0.02093973442288049;103;6447;90;2450;false;false;
BPIC15_3;DK;07_OPS;190;20;343;IMf;0.9735025518090474;0.5425698861878073;0.7414223696530202;90;20;3.2972972972972974;52;1.2666666666666666;0.014232209737827715;103;6447;13;5974;false;false;
BPIC15_3;DK;07_OPS;190;20;343;IM;1.0;0.3193040778561219;0.5678248360512906;100;20;3.173076923076923;71;1.3;0.013131313131313131;103;6447;14;4048;false;false;
BPIC15_3;DK;05_EIND;449;13;585;SM;0.9888522186398189;0.8181110896207731;0.7948729135898945;39;13;3.5;20;1.2307692307692308;0.032388663967611336;103;6447;37;760;false;false;
BPIC15_3;DK;05_EIND;449;13;585;IMf;0.986556851366723;0.6965307112329598;0.8612864514453694;60;13;3.1785714285714284;39;1.2666666666666666;0.021468926553672316;103;6447;13;1325;false;false;
BPIC15_3;DK;05_EIND;449;13;585;IM;1.0;0.2826632679158084;0.555329613888661;61;13;3.3333333333333335;42;1.3114754098360655;0.02185792349726776;103;6447;12;1324;false;false;
BPIC15_3;DK;01_BB;56;14;135;SM;0.9420518207282913;0.8960071254377016;0.8300670078116843;44;14;4.333333333333333;26;1.3181818181818181;0.0306553911205074;103;6447;53;463;false;true;
BPIC15_3;DK;01_BB;56;14;135;IMf;0.9543765765493818;0.7827275839324033;0.8335890523682279;38;14;3.230769230769231;20;1.2105263157894737;0.032716927453769556;103;6447;3;397;false;false;
BPIC15_3;DK;01_BB;56;14;135;IM;1.0;0.43200264409770517;0.6530592413738748;52;14;3.380952380952381;32;1.2692307692307692;0.024886877828054297;103;6447;8;638;false;false;
BPIC15_3;DK;09_AH;1171;3;1248;SM;1.0;0.9939567293008461;0.9969692066982452;11;3;3.0;4;1.0909090909090908;0.10909090909090909;103;6447;8;299;false;false;
BPIC15_3;DK;09_AH;1171;3;1248;IMf;0.9772731078301977;1.0;0.9884747025777484;8;3;2.5;2;1.0;0.14285714285714285;103;6447;5;266;false;false;
BPIC15_3;DK;09_AH;1171;3;1248;IM;1.0;0.9943023373150415;0.9971430296307884;11;3;2.6666666666666665;4;1.0909090909090908;0.10909090909090909;103;6447;4;261;false;false;
BPIC15_3;DK;12_AP;99;17;668;SM;0.5882448814675418;0.8698915108267866;0.7919867734530794;75;17;3.4210526315789473;52;1.36;0.018378378378378378;103;6447;58;2670;false;false;
BPIC15_3;DK;12_AP;99;17;668;IMf;0.9598527454588064;0.599044734389562;0.5579035909427306;62;16;3.391304347826087;34;1.2580645161290323;0.020624008461131677;103;6447;17;3338;false;false;
BPIC15_3;DK;12_AP;99;17;668;IM;1.0;0.2855118180744028;0.4562245524750143;90;17;3.225;56;1.2666666666666666;0.014232209737827715;103;6447;15;44559;false;false;
BPIC15_3;DK;04_BPT;955;11;1534;SM;0.9932756302464999;0.9924040225443127;0.978432802510845;33;11;3.272727272727273;17;1.2121212121212122;0.03787878787878788;103;6447;43;571;false;false;
BPIC15_3;DK;04_BPT;955;11;1534;IMf;0.9635955831395242;0.8844643708840815;0.920193095554688;34;11;3.2142857142857144;21;1.2352941176470589;0.0374331550802139;103;6447;13;509;false;false;
BPIC15_3;DK;04_BPT;955;11;1534;IM;1.0;0.22619079796792474;0.49406644954504514;54;11;3.357142857142857;39;1.3333333333333333;0.025157232704402517;103;6447;31;1069;false;false;
BPIC15_3;DK;13_CRD;501;1;501;SM;1.0;1.0;1.0;3;1;NaN;0;0.6666666666666666;0.3333333333333333;103;6447;1;262;false;false;
BPIC15_3;DK;13_CRD;501;1;501;IMf;1.0;1.0;1.0;3;1;NaN;0;0.6666666666666666;0.3333333333333333;103;6447;0;213;false;false;
BPIC15_3;DK;13_CRD;501;1;501;IM;1.0;1.0;1.0;3;1;NaN;0;0.6666666666666666;0.3333333333333333;103;6447;0;216;false;false;
BPIC15_3;DK;02_DRZ;884;1;884;SM;1.0;1.0;1.0;3;1;NaN;0;0.6666666666666666;0.3333333333333333;103;6447;2;298;false;false;
BPIC15_3;DK;02_DRZ;884;1;884;IMf;1.0;1.0;1.0;3;1;NaN;0;0.6666666666666666;0.3333333333333333;103;6447;1;269;false;false;
BPIC15_3;DK;02_DRZ;884;1;884;IM;1.0;1.0;1.0;3;1;NaN;0;0.6666666666666666;0.3333333333333333;103;6447;0;233;false;false;
BPIC15_4;DK;root;1053;43;10834;SM;-1.0;NaN;NaN;222;43;6.1521739130434785;194;2.2882882882882885;0.010354245648363295;100;4268;2215;41889;false;true;
BPIC15_4;DK;root;1053;43;10834;IMf;0.0;0.0;0.0;167;43;3.513157894736842;115;1.341317365269461;0.008080225091984704;100;4268;1251;600033;true;false;
BPIC15_4;DK;root;1053;43;10834;IM;1.0;0.09184005332543169;0.22199205552658638;192;43;3.463917525773196;140;1.3645833333333333;0.007144415357766143;100;4268;1396;903058;false;false;
BPIC15_4;DK;06_VD;322;24;772;SM;0.8753201188334429;0.5311867822826342;0.7721771119643197;96;24;4.137931034482759;59;1.3229166666666667;0.013925438596491228;100;4268;141;3599;false;false;
BPIC15_4;DK;06_VD;322;24;772;IMf;0.9725700438754548;0.4279600845309095;0.525743793468994;93;24;3.3529411764705883;45;1.2473118279569892;0.013557737260402058;100;4268;32;24411;false;false;
BPIC15_4;DK;06_VD;322;24;772;IM;1.0;0.2519473597609992;0.42805794599042124;98;24;3.477272727272727;68;1.3265306122448979;0.01367557332211235;100;4268;48;25099;false;false;
BPIC15_4;DK;01_HOOFD;1052;16;11815;SM;0.7771074254748209;0.9819156228187864;0.8658188703626447;43;16;3.0714285714285716;21;1.1627906976744187;0.02768549280177187;100;4268;66;3842;false;false;
BPIC15_4;DK;01_HOOFD;1052;16;11815;IMf;0.9242954677060938;0.6992722598936087;0.7818904145444058;52;15;3.3333333333333335;15;1.1538461538461537;0.02262443438914027;100;4268;173;8651;false;false;
BPIC15_4;DK;01_HOOFD;1052;16;11815;IM;1.0;0.27183946256804087;0.44153155016682105;69;16;3.5483870967741935;47;1.3333333333333333;0.0196078431372549;100;4268;292;46570;false;false;
BPIC15_4;DK;08_AWB45;613;32;2256;SM;0.685353536617574;0.6205709187775905;0.6481925573881668;134;32;5.086206896551724;103;1.664179104477612;0.01251262484569633;100;4268;181;25691;false;true;
BPIC15_4;DK;08_AWB45;613;32;2256;IMf;0.9668112088424199;0.4876757300766875;0.5223982413302142;97;30;3.75;70;1.3608247422680413;0.014175257731958763;100;4268;118;121723;false;false;
BPIC15_4;DK;08_AWB45;613;32;2256;IM;-1.0;0.15970810059760757;0.2607325173190956;174;32;3.313953488372093;123;1.3218390804597702;0.007640688326357053;100;4268;106;2246801;false;true;
BPIC15_4;DK;01_OLO;23;6;106;SM;0.9374741200828157;0.9412049152349529;0.9419714722280328;15;6;3.3333333333333335;5;1.0666666666666667;0.0761904761904762;100;4268;18;339;false;false;
BPIC15_4;DK;01_OLO;23;6;106;IMf;0.9548106090067666;1.0;0.9754545221032083;15;6;2.75;5;1.0666666666666667;0.0761904761904762;100;4268;2;243;false;false;
BPIC15_4;DK;01_OLO;23;6;106;IM;1.0;0.9068415637860082;0.9651625341208089;19;6;3.1666666666666665;9;1.1578947368421053;0.06432748538011696;100;4268;1;240;false;false;
BPIC15_4;DK;12_AP;8;15;21;SM;1.0;1.0;0.8996539792387543;31;15;2.6666666666666665;4;1.032258064516129;0.034408602150537634;100;4268;38;323;false;false;
BPIC15_4;DK;12_AP;8;15;21;IMf;1.0;1.0;0.8996539792387543;31;15;2.6666666666666665;4;1.032258064516129;0.034408602150537634;100;4268;1;280;false;false;
BPIC15_4;DK;12_AP;8;15;21;IM;1.0;1.0;0.8622908622908624;31;15;2.6666666666666665;4;1.032258064516129;0.034408602150537634;100;4268;1;284;false;false;
BPIC15_4;DK;10_UOV;82;35;876;SM;0.6477384492370616;0.5138755999154438;0.6502630714965455;145;35;4.907407407407407;99;1.5379310344827586;0.01068007662835249;100;4268;442;31522;false;false;
BPIC15_4;DK;10_UOV;82;35;876;IMf;0.9686639423016915;0.2546419519296798;0.42492052253258983;117;30;3.4565217391304346;68;1.2820512820512822;0.011052166224580018;100;4268;52;47603;false;false;
BPIC15_4;DK;10_UOV;82;35;876;IM;-1.0;0.11726559596157923;0.24464682619280959;189;35;3.3214285714285716;120;1.291005291005291;0.00686704942024091;100;4268;45;1582598;false;true;
BPIC15_4;DK;02_DRZ;720;7;727;SM;1.0;0.9994457530723573;0.9989746446442415;19;7;3.0;4;1.0526315789473684;0.05847953216374269;100;4268;8;353;false;false;
BPIC15_4;DK;02_DRZ;720;7;727;IMf;0.9994212962962963;1.0;0.9991546284899707;16;7;2.5;2;1.0;0.06666666666666667;100;4268;3;304;false;false;
BPIC15_4;DK;02_DRZ;720;7;727;IM;1.0;0.9994455994349494;0.9990203136849677;19;7;2.6666666666666665;4;1.0526315789473684;0.05847953216374269;100;4268;3;257;false;false;
BPIC15_4;DK;07_OPS;207;14;235;SM;1.0;0.8575991547988215;0.9532728316128062;45;14;3.2857142857142856;23;1.2;0.02727272727272727;100;4268;33;396;false;false;
BPIC15_4;DK;07_OPS;207;14;235;IMf;0.9970517842960297;0.8508891802807375;0.9381215472595262;35;14;3.5555555555555554;16;1.2;0.03529411764705882;100;4268;6;282;false;false;
BPIC15_4;DK;07_OPS;207;14;235;IM;1.0;0.37693015077869907;0.873139831228753;46;14;3.611111111111111;29;1.3043478260869565;0.028985507246376812;100;4268;24;429;false;false;
BPIC15_4;DK;01_BB;704;16;1604;SM;0.7107474078105683;0.5506407858352076;0.7827559349056408;83;16;5.431372549019608;70;2.0481927710843375;0.024977960622979724;100;4268;112;1540;false;false;
BPIC15_4;DK;01_BB;704;16;1604;IMf;0.9663706835983944;0.8432149423584323;0.8806045846130849;57;16;3.6315789473684212;30;1.263157894736842;0.022556390977443608;100;4268;32;780;false;false;
BPIC15_4;DK;01_BB;704;16;1604;IM;1.0;0.33270407830269505;0.4901123897785676;80;16;3.1951219512195124;57;1.3;0.016455696202531647;100;4268;78;5360;false;false;
BPIC15_4;DK;05_EIND;379;13;748;SM;0.951420419905618;0.8865212636090964;0.9149958704590468;40;13;3.5384615384615383;22;1.25;0.03205128205128205;100;4268;30;1058;false;true;
BPIC15_4;DK;05_EIND;379;13;748;IMf;0.9447069976072667;0.6826415931732294;0.7530325203159715;58;13;3.28;35;1.2758620689655173;0.02238354506957048;100;4268;20;1884;false;false;
BPIC15_4;DK;05_EIND;379;13;748;IM;1.0;0.47528489030273524;0.6863721757204257;81;13;3.1578947368421053;53;1.2592592592592593;0.01574074074074074;100;4268;18;3679;false;false;
BPIC15_4;DK;14_VRIJ;159;24;256;SM;0.7623253260996841;0.731111247000435;0.9401070256579488;142;24;4.225806451612903;119;1.7253521126760563;0.012236539806213165;100;4268;147;2823;false;false;
BPIC15_4;DK;14_VRIJ;159;24;256;IMf;0.9758495473917113;0.6590400366281731;0.8289353374405515;96;24;3.6774193548387095;43;1.2708333333333333;0.01337719298245614;100;4268;7;1420;false;false;
BPIC15_4;DK;14_VRIJ;159;24;256;IM;1.0;0.6339567387116212;0.8576518205443976;107;24;3.5945945945945947;50;1.2710280373831775;0.011990830541350733;100;4268;9;1244;false;false;
BPIC15_4;DK;11_AH;624;24;786;SM;0.9991624039036069;0.7662113780191258;0.9082542543226161;89;24;4.0;50;1.2808988764044944;0.014555669050051073;100;4268;70;1244;false;false;
BPIC15_4;DK;11_AH;624;24;786;IMf;0.9974288944014932;0.8163583187855774;0.8957297998573894;78;24;3.3333333333333335;36;1.205128205128205;0.015651015651015652;100;4268;21;1083;false;false;
BPIC15_4;DK;11_AH;624;24;786;IM;1.0;0.4773155943819652;0.6708717581392527;96;24;3.2;55;1.25;0.013157894736842105;100;4268;20;1623;false;false;
BPIC15_4;DK;09_AH;874;3;883;SM;1.0;0.9986312305914056;0.999315146592506;11;3;3.0;4;1.0909090909090908;0.10909090909090909;100;4268;5;288;false;false;
BPIC15_4;DK;09_AH;874;3;883;IMf;0.9985697940503433;1.0;0.9993067185353243;8;3;2.5;2;1.0;0.14285714285714285;100;4268;3;273;false;false;
BPIC15_4;DK;09_AH;874;3;883;IM;1.0;0.9986302931849022;0.9992307157902941;11;3;2.6666666666666665;4;1.0909090909090908;0.10909090909090909;100;4268;3;330;false;false;
BPIC15_4;DK;04_BPT;747;11;1289;SM;0.9828803240661133;0.9144719307984029;0.8638132150401505;33;11;3.1666666666666665;17;1.2121212121212122;0.03787878787878788;100;4268;54;809;false;false;
BPIC15_4;DK;04_BPT;747;11;1289;IMf;0.9623162315742918;0.8995318318100489;0.8768907398618554;43;11;3.1875;23;1.2093023255813953;0.028792912513842746;100;4268;15;819;false;false;
BPIC15_4;DK;04_BPT;747;11;1289;IM;1.0;0.5004872375783539;0.5034072867045084;60;11;3.3076923076923075;39;1.2666666666666666;0.021468926553672316;100;4268;20;37049;false;false;
BPIC15_4;DK;13_CRD;435;1;435;SM;1.0;1.0;1.0;3;1;NaN;0;0.6666666666666666;0.3333333333333333;100;4268;1;262;false;false;
BPIC15_4;DK;13_CRD;435;1;435;IMf;1.0;1.0;1.0;3;1;NaN;0;0.6666666666666666;0.3333333333333333;100;4268;0;211;false;false;
BPIC15_4;DK;13_CRD;435;1;435;IM;1.0;1.0;1.0;3;1;NaN;0;0.6666666666666666;0.3333333333333333;100;4268;0;275;false;false;
